fareID,dayOfWeek,isWeekend,month,travelSpan,marketShare,origin,destination,fuelAndInsurance,fuelSurcharge,baseFare,taxes,miscAmt,totalAmt
2530023919,7,1,8,1,0.0,56,40,600,0,1937,103.62,0,2640.62
2530050567,1,0,8,1,0.071,71,75,600,0,1786,108.12,0,2494.12
2529949414,2,0,8,1,0.5569,15,75,600,0,1462,108.12,0,2170.12
2529949417,7,1,9,1,0.5569,15,75,600,0,1387,108.12,0,2095.12
2530050549,4,0,7,1,0.071,71,75,600,0,1266,108.12,0,1974.12
2529964775,7,1,8,1,0.0755,23,75,600,0,1262,103.62,0,1965.62
2530133827,2,0,9,1,0.0431,86,75,600,0,1162,108.12,0,1870.12
2530114712,1,0,9,1,0.6154,77,66,624,0,11025,127.12,0,11776.12
2530109315,5,0,8,1,0.3913,77,29,588,0,10576,126.12,0,11290.12
2530109315,6,1,9,1,0.3913,77,29,588,0,10576,126.12,0,11290.12
2530049023,7,1,8,1,0.0068,71,63,692,0,9595,167.0,0,10454.0
2530049023,7,1,9,1,0.0068,71,63,692,0,9595,167.0,0,10454.0
2530049023,4,0,8,1,0.0068,71,63,692,0,9595,167.0,0,10454.0
2530023609,1,0,9,1,0.573,56,37,484,0,9193,90.73,0,9767.73
2530023609,7,1,8,1,0.573,56,37,484,0,9193,90.73,0,9767.73
2529936492,1,0,9,1,0.3726,15,38,588,0,8749,138.82,0,9475.82
2529959773,5,0,9,1,0.073,23,38,588,0,8749,134.32,0,9471.32
2530021123,3,0,9,1,0.4094,56,9,588,0,8699,99.12,20,9406.12
2530022808,1,0,9,1,0.3064,56,28,624,0,8299,171.24,0,9094.24
2530112581,6,1,9,1,0.7081,77,51,624,0,8229,107.12,0,8960.12
2530045775,4,0,9,1,0.0876,71,42,600,0,8217,105.7,0,8922.7
2530106653,6,1,9,1,0.0104,77,11,600,0,8217,101.2,0,8918.2
2530106653,1,0,8,1,0.0104,77,11,600,0,8217,101.2,0,8918.2
2530058046,2,0,9,1,0.4091,72,54,600,0,8217,94.22,0,8911.22
2529939904,6,1,9,1,0.257,15,49,600,0,8217,92.87,0,8909.87
2529957850,3,0,8,1,0.1483,23,24,624,0,8151,127.12,0,8902.12
2529957850,6,1,8,1,0.1483,23,24,624,0,8151,127.12,0,8902.12
2530114165,5,0,9,1,0.4,77,61,588,0,8201,107.29,0,8896.29
2530025871,5,0,8,1,0.3136,56,60,650,0,8129,93.18,0,8872.18
2530114026,4,0,9,1,0.6942,77,60,650,0,8129,93.18,0,8872.18
2530045773,4,0,8,1,0.0876,71,42,600,0,8157,105.7,0,8862.7
2530123828,4,0,9,1,0.287,79,60,650,0,8111,97.68,0,8858.68
2529996549,4,0,7,1,0.0664,39,41,600,0,8125,119.02,0,8844.02
2530129032,6,1,8,1,0.4046,86,24,624,0,8073,131.62,0,8828.62
2530000092,5,0,8,1,0.7228,39,82,600,0,8125,102.07,0,8827.07
2530047548,1,0,9,1,0.0533,71,54,600,0,8080,98.72,0,8778.72
2530047548,3,0,9,1,0.0533,71,54,600,0,8080,98.72,0,8778.72
2530046411,5,0,9,1,0.0058,71,47,608,0,8065,96.62,0,8769.62
2530020952,5,0,9,1,0.1171,56,7,588,0,7922,96.13,0,8606.13
2529980961,5,0,8,1,0.0321,31,82,600,0,7887,102.07,0,8589.07
2530107063,6,1,9,1,0.4454,77,14,650,0,7838,98.14,0,8586.14
2530021544,7,1,9,1,0.2344,56,14,650,0,7838,98.14,0,8586.14
2529977565,1,0,7,1,0.0201,31,54,600,0,7887,94.22,0,8581.22
2530020326,2,0,9,1,0.028,56,2,588,0,7767,197.12,0,8552.12
2530049949,7,1,9,1,0.1886,71,70,588,0,7788,131.62,0,8507.62
2529934571,2,0,8,1,0.3721,15,29,588,0,7726,130.62,0,8444.62
2529958569,5,0,8,1,0.0427,23,29,588,0,7726,126.12,0,8440.12
2530121468,6,1,9,1,0.4786,79,36,588,0,7710,115.69,0,8413.69
2530025781,3,0,9,1,0.5185,56,59,588,0,7580,128.62,0,8296.62
2530027172,2,0,8,1,0.0588,56,76,598,0,7409,127.51,0,8134.51
2530110225,2,0,9,1,0.6214,77,36,588,0,7370,111.19,0,8069.19
2530105862,2,0,8,1,0.4796,77,6,588,0,6772,149.8,0,7509.8
2530113158,2,0,9,1,0.3091,77,55,588,0,6772,86.74,0,7446.74
2530015225,4,0,8,1,0.4558,43,37,484,0,6795,90.73,0,7369.73
2530015225,1,0,9,1,0.4558,43,37,484,0,6795,90.73,0,7369.73
2529976946,1,0,7,1,0.781,31,51,624,0,6409,107.12,0,7140.12
2529978902,6,1,9,1,0.0807,31,61,588,0,6351,107.29,0,7046.29
2529978777,2,0,9,1,0.3036,31,60,650,0,5962,93.18,0,6705.18
2530130224,5,0,8,1,0.453,86,37,484,0,6010,95.23,0,6589.23
2529978623,2,0,9,1,0.8515,31,59,588,0,5840,128.62,0,6556.62
2529959492,5,0,8,1,0.3883,23,37,484,0,5943,90.73,0,6517.73
2529959492,4,0,9,1,0.3883,23,37,484,0,5943,90.73,0,6517.73
2530017208,5,0,8,1,0.3129,43,57,624,0,5720,158.83,0,6502.83
2530047104,6,1,9,1,0.6223,71,51,624,0,5655,111.62,0,6390.62
2529971420,7,1,9,1,0.134,31,26,588,0,5640,111.19,0,6339.19
2529971420,4,0,8,1,0.134,31,26,588,0,5640,111.19,0,6339.19
2529971420,1,0,9,1,0.134,31,26,588,0,5640,111.19,0,6339.19
2530047102,5,0,8,1,0.6223,71,51,624,0,5595,111.62,0,6330.62
2530048746,6,1,8,1,0.2256,71,61,588,0,5561,111.79,0,6260.79
2529926676,3,0,8,1,0.5911,15,5,650,0,5280,95.34,0,6025.34
2529995340,3,0,8,1,0.9793,39,28,624,0,5188,171.24,0,5983.24
2530017633,3,0,9,1,0.5,43,62,598,0,5199,127.51,0,5924.51
2530000648,5,0,8,1,0.9528,39,85,650,0,5156,109.02,0,5915.02
2529966366,2,0,9,1,0.4138,23,85,650,0,5156,109.02,0,5915.02
2529958079,5,0,9,1,0.1224,23,26,588,0,5163,111.19,0,5862.19
2529968163,7,1,9,1,0.1317,31,8,588,0,5127,111.92,0,5826.92
2530040274,1,0,8,1,0.1034,71,5,650,0,5080,95.34,0,5825.34
2530040274,2,0,8,1,0.1034,71,5,650,0,5080,95.34,0,5825.34
2530048562,4,0,7,1,0.258,71,60,650,0,5020,97.68,0,5767.68
2530040272,3,0,9,1,0.1034,71,5,650,0,5020,95.34,0,5765.34
2530129917,3,0,8,1,0.0398,86,34,588,0,5064,105.93,0,5757.93
2530044423,6,1,9,1,0.1135,71,34,588,0,4990,105.93,0,5683.93
2530040560,1,0,8,1,0.0724,71,7,588,0,4990,100.63,0,5678.63
2530052075,2,0,9,1,0.1123,71,84,588,0,4960,122.39,0,5670.39
2530132326,6,1,9,1,0.0243,86,57,624,0,4848,163.33,0,5635.33
2530131149,2,0,8,1,0.0192,86,46,624,0,4848,163.33,0,5635.33
2530044420,6,1,9,1,0.1135,71,34,588,0,4930,105.93,0,5623.93
2530048412,2,0,8,1,0.4543,71,59,588,0,4883,133.12,0,5604.12
2530050478,3,0,8,1,0.7333,71,74,624,0,4765,163.33,0,5552.33
2529962834,3,0,9,1,0.0734,23,57,624,0,4765,158.83,0,5547.83
2530055933,3,0,9,1,0.4597,72,30,650,0,4769,82.02,0,5501.02
2530055933,1,0,9,1,0.4597,72,30,650,0,4769,82.02,0,5501.02
2530047240,3,0,9,1,0.3257,71,52,624,0,4705,163.33,0,5492.33
2530048126,7,1,9,1,0.0703,71,57,624,0,4705,163.33,0,5492.33
2530131485,6,1,9,1,0.0629,86,50,588,0,4762,115.69,0,5465.69
2529940410,4,0,8,1,0.1821,15,50,588,0,4673,115.69,0,5376.69
2530044282,2,0,8,1,0.1028,71,33,598,0,4509,132.01,0,5239.01
2530132789,1,0,7,1,0.0878,86,62,598,0,4402,132.01,0,5132.01
2529939486,2,0,9,1,0.2816,15,48,598,0,4179,132.01,0,4909.01
2530057444,3,0,8,1,0.7752,72,48,598,0,4179,127.51,0,4904.51
2530041826,3,0,9,1,0.0199,71,17,588,0,3956,110.43,0,4654.43
2530111274,7,1,7,1,0.6185,77,44,588,0,2324,127.12,0,3039.12
2530106264,5,0,8,1,0.7974,77,9,588,0,2324,99.12,20,3031.12
2530111275,1,0,7,1,0.6185,77,44,588,0,2224,127.12,0,2939.12
2530023536,7,1,8,1,0.573,56,37,484,0,2341,90.73,0,2915.73
2530049638,7,1,9,1,0.1895,71,68,624,0,2040,140.92,0,2804.92
2530113870,4,0,9,1,0.8643,77,59,588,0,2074,128.62,0,2790.62
2530041294,4,0,9,1,0.0109,71,13,692,0,1919,173.4,0,2784.4
2530133273,3,0,9,1,0.4935,86,68,624,0,2019,140.92,0,2783.92
2529997540,4,0,7,1,0.9817,39,52,624,0,1985,158.83,0,2767.83
2530118231,5,0,9,1,0.2152,79,3,588,0,2065,111.62,0,2764.62
2529950234,2,0,9,1,0.7273,15,78,624,0,1988,131.62,0,2743.62
2530025711,5,0,9,1,0.5185,56,59,588,0,2024,128.62,0,2740.62
2530027347,6,1,8,1,0.6875,56,78,624,0,1988,127.12,0,2739.12
2530048554,7,1,7,1,0.258,71,60,650,0,1990,97.68,0,2737.68
2530107093,6,1,9,1,0.9313,77,16,588,0,2024,99.12,20,2731.12
2529926492,3,0,7,1,0.5911,15,5,650,0,1985,95.34,0,2730.34
2530041285,1,0,9,1,0.0109,71,13,692,0,1859,173.4,0,2724.4
2530048914,2,0,8,1,0.0068,71,63,692,0,1859,167.0,0,2718.0
2530109633,2,0,9,1,0.4274,77,33,598,0,1974,127.51,0,2699.51
2530049659,5,0,9,1,0.1895,71,68,624,0,1910,140.92,0,2674.92
2530044032,6,1,8,1,0.002,71,32,588,0,1880,188.93,0,2656.93
2529996066,3,0,9,1,0.9724,39,37,484,0,2076,90.73,0,2650.73
2529996066,7,1,9,1,0.9724,39,37,484,0,2076,90.73,0,2650.73
2530113495,6,1,9,1,0.8841,77,57,624,0,1860,158.83,0,2642.83
2530027348,2,0,8,1,0.6875,56,78,624,0,1888,127.12,0,2639.12
2529946203,2,0,8,1,0.0444,15,63,692,0,1770,167.0,0,2629.0
2530105159,5,0,9,1,0.5492,77,3,588,0,1922,107.12,0,2617.12
2530108543,4,0,9,1,0.8926,77,25,650,0,1875,83.02,0,2608.02
2529976016,6,1,7,1,0.3067,31,48,598,0,1874,127.51,0,2599.51
2529972717,6,1,9,1,0.1404,31,33,598,0,1874,127.51,0,2599.51
2530039797,7,1,8,1,0.0571,71,4,692,0,1739,168.5,0,2599.5
2530051362,7,1,9,1,0.0024,71,81,600,0,1903,95.12,0,2598.12
2529976769,3,0,9,1,0.781,31,51,624,0,1863,107.12,0,2594.12
2530124584,2,0,9,1,0.1139,79,70,588,0,1874,131.62,0,2593.62
2530128190,4,0,9,1,0.0557,86,17,588,0,1894,110.43,0,2592.43
2530023586,3,0,8,1,0.573,56,37,484,0,2013,90.73,0,2587.73
2530113908,7,1,9,1,0.6942,77,60,650,0,1842,93.18,0,2585.18
2530049614,6,1,9,1,0.1895,71,68,624,0,1820,140.92,0,2584.92
2530041850,5,0,8,1,0.0045,71,18,600,0,1886,95.12,0,2581.12
2530039807,2,0,9,1,0.0571,71,4,692,0,1719,168.5,0,2579.5
2530112196,5,0,9,1,0.356,77,50,588,0,1875,111.19,0,2574.19
2529973325,1,0,8,1,0.2078,31,36,588,0,1874,111.19,0,2573.19
2530014242,5,0,8,1,0.1082,43,26,588,0,1874,111.19,0,2573.19
2530111697,2,0,8,1,0.7989,77,46,624,0,1788,158.83,0,2570.83
2530044172,4,0,9,1,0.1028,71,33,598,0,1836,132.01,0,2566.01
2530108479,5,0,9,1,0.54,77,24,624,0,1813,127.12,0,2564.12
2530109773,4,0,8,1,0.2804,77,34,588,0,1874,101.43,0,2563.43
2530014107,1,0,8,1,0.5233,43,25,650,0,1822,83.02,0,2555.02
2530039594,4,0,8,1,0.1933,71,3,588,0,1853,111.62,0,2552.62
2529963342,7,1,8,1,0.1264,23,62,598,0,1824,127.51,0,2549.51
2530027103,4,0,8,1,0.0588,56,76,598,0,1824,127.51,0,2549.51
2530025270,5,0,8,1,0.1021,56,55,588,0,1874,86.74,0,2548.74
2530119913,3,0,8,1,0.0787,79,20,650,0,1792,106.06,0,2548.06
2530018492,7,1,9,1,0.2146,43,73,692,0,1695,159.2,0,2546.2
2530013603,7,1,9,1,0.2512,43,20,650,0,1792,101.56,0,2543.56
2530130313,7,1,8,1,0.1885,86,38,588,0,1816,138.82,0,2542.82
2530118569,3,0,8,1,0.3148,79,5,650,0,1792,95.34,0,2537.34
2530041377,6,1,7,1,0.0109,71,13,692,0,1664,173.4,0,2529.4
2530016274,4,0,8,1,0.0345,43,49,600,0,1837,88.37,0,2525.37
2529980363,4,0,9,1,0.0554,31,76,598,0,1799,127.51,0,2524.51
2530025798,6,1,8,1,0.3136,56,60,650,0,1781,93.18,0,2524.18
2530133401,4,0,7,1,0.1018,86,70,588,0,1804,131.62,0,2523.62
2530105160,3,0,8,1,0.5492,77,3,588,0,1822,107.12,0,2517.12
2530044641,6,1,9,1,0.2816,71,36,588,0,1810,115.69,0,2513.69
2530012283,6,1,8,1,0.509,43,5,650,0,1772,90.84,0,2512.84
2529970587,7,1,8,1,0.0,31,22,692,0,1695,123.88,0,2510.88
2530020344,2,0,9,1,0.0434,56,3,588,0,1815,107.12,0,2510.12
2530014777,7,1,8,1,0.1892,43,33,598,0,1784,127.51,0,2509.51
2530127624,6,1,7,1,0.3146,86,9,588,0,1794,103.62,20,2505.62
2530046218,7,1,8,1,0.0875,71,46,624,0,1718,163.33,0,2505.33
2530058587,4,0,9,1,0.7915,72,60,650,0,1760,93.18,0,2503.18
2530107719,4,0,7,1,0.7624,77,20,650,0,1750,101.56,0,2501.56
2530053552,3,0,8,1,0.672,72,5,650,0,1760,90.84,0,2500.84
2530016355,1,0,9,1,0.0569,43,50,588,0,1799,111.19,0,2498.19
2529978257,4,0,9,1,0.114,31,57,624,0,1713,158.83,0,2495.83
2529995010,4,0,9,1,0.9744,39,25,650,0,1760,83.02,0,2493.02
2529995010,3,0,8,1,0.9744,39,25,650,0,1760,83.02,0,2493.02
2529963059,5,0,9,1,0.7927,23,59,588,0,1774,128.62,0,2490.62
2530017392,7,1,9,1,0.4264,43,60,650,0,1742,93.18,0,2485.18
2530133258,1,0,8,1,0.4935,86,68,624,0,1719,140.92,0,2483.92
2530000577,1,0,9,1,0.9528,39,85,650,0,1710,109.02,0,2469.02
2530045032,7,1,9,1,0.338,71,38,588,0,1739,138.82,0,2465.82
2530126698,4,0,8,1,0.0011,86,2,588,0,1674,201.62,0,2463.62
2529994499,1,0,8,1,0.8529,39,20,650,0,1710,101.56,0,2461.56
2530135040,7,1,9,1,0.0688,86,85,650,0,1697,113.52,0,2460.52
2529939216,4,0,9,1,0.2816,15,48,598,0,1724,132.01,0,2454.01
2530133217,7,1,8,1,0.4935,86,68,624,0,1689,140.92,0,2453.92
2530055631,4,0,7,1,0.882,72,28,624,0,1657,171.24,0,2452.24
2530109734,7,1,9,1,0.4274,77,33,598,0,1724,127.51,0,2449.51
2530110583,5,0,9,1,0.4874,77,38,588,0,1726,134.32,0,2448.32
2530112615,1,0,9,1,0.8983,77,52,624,0,1663,158.83,0,2445.83
2530125828,1,0,9,1,0.2336,79,84,588,0,1734,122.39,0,2444.39
2530050560,6,1,8,1,0.071,71,75,600,0,1731,108.12,0,2439.12
2530017225,6,1,9,1,0.0931,43,58,588,0,1702,147.12,0,2437.12
2529934389,3,0,9,1,0.3721,15,29,588,0,1718,130.62,0,2436.62
2530021309,1,0,8,1,0.216,56,12,650,0,1681,103.43,0,2434.43
2530048448,7,1,9,1,0.258,71,60,650,0,1685,97.68,0,2432.68
2530055781,7,1,8,1,0.5294,72,29,588,0,1718,126.12,0,2432.12
2530021109,7,1,9,1,0.4094,56,9,588,0,1724,99.12,20,2431.12
2529971062,4,0,9,1,0.2265,31,25,650,0,1692,83.02,0,2425.02
2530023496,4,0,9,1,0.3398,56,36,588,0,1724,111.19,0,2423.19
2529958034,6,1,9,1,0.1224,23,26,588,0,1724,111.19,0,2423.19
2530119623,4,0,8,1,0.07,79,17,588,0,1724,110.43,0,2422.43
2530121553,2,0,9,1,0.5936,79,37,484,0,1841,95.23,0,2420.23
2530105675,4,0,9,1,0.9317,77,5,650,0,1675,90.84,0,2415.84
2530106754,7,1,9,1,0.5516,77,12,650,0,1662,103.43,0,2415.43
2530129525,5,0,9,1,0.2216,86,29,588,0,1694,130.62,0,2412.62
2530109031,4,0,8,1,0.6242,77,28,624,0,1613,171.24,0,2408.24
2530055803,3,0,7,1,0.5294,72,29,588,0,1693,126.12,0,2407.12
2530105751,2,0,9,1,0.4796,77,6,588,0,1664,149.8,0,2401.8
2530130200,3,0,8,1,0.453,86,37,484,0,1822,95.23,0,2401.23
2530019781,2,0,9,1,0.5177,43,85,650,0,1642,109.02,0,2401.02
2530017609,4,0,9,1,0.5,43,62,598,0,1674,127.51,0,2399.51
2530110359,1,0,9,1,0.7861,77,37,484,0,1822,90.73,0,2396.73
2530129315,2,0,8,1,0.4568,86,28,624,0,1596,175.74,0,2395.74
2530026663,6,1,8,1,0.1678,56,70,588,0,1674,127.12,0,2389.12
2530049323,2,0,9,1,0.6382,71,66,624,0,1631,131.62,0,2386.62
2529927497,1,0,9,1,0.0593,15,8,588,0,1681,116.42,0,2385.42
2530052449,2,0,9,1,0.3266,71,85,650,0,1620,113.52,0,2383.52
2530052449,3,0,9,1,0.3266,71,85,650,0,1620,113.52,0,2383.52
2530012738,6,1,8,1,0.3055,43,9,588,0,1674,99.12,20,2381.12
2530134453,7,1,8,1,0.1436,86,82,600,0,1674,106.57,0,2380.57
2529981167,3,0,8,1,0.293,31,84,588,0,1674,117.89,0,2379.89
2530012846,4,0,8,1,0.0439,43,11,600,0,1676,101.2,0,2377.2
2529931337,4,0,8,1,0.1174,15,17,588,0,1674,110.43,0,2372.43
2530056035,7,1,9,1,0.7455,72,33,598,0,1644,127.51,0,2369.51
2530114128,3,0,8,1,0.4,77,61,588,0,1674,107.29,0,2369.29
2529946848,3,0,9,1,0.8199,15,66,624,0,1613,131.62,0,2368.62
2530105190,7,1,8,1,0.5492,77,3,588,0,1672,107.12,0,2367.12
2530134270,2,0,9,1,0.0381,86,80,600,0,1662,103.12,0,2365.12
2529970503,3,0,9,1,0.0,31,22,692,0,1545,123.88,0,2360.88
2530022289,4,0,9,1,0.0,56,22,692,0,1545,123.88,0,2360.88
2529978445,1,0,9,1,0.0447,31,58,588,0,1624,147.12,0,2359.12
2530020928,6,1,7,1,0.1171,56,7,588,0,1674,96.13,0,2358.13
2530045673,7,1,9,1,0.0876,71,42,600,0,1649,105.7,0,2354.7
2530024622,6,1,9,1,0.0809,56,48,598,0,1624,127.51,0,2349.51
2530048484,2,0,7,1,0.258,71,60,650,0,1600,97.68,0,2347.68
2530024303,4,0,8,1,0.3179,56,45,650,0,1581,114.23,0,2345.23
2530125871,6,1,9,1,0.2336,79,84,588,0,1634,122.39,0,2344.39
2530016529,7,1,9,1,0.7943,43,51,624,0,1613,107.12,0,2344.12
2529979884,5,0,8,1,0.2939,31,70,588,0,1624,127.12,0,2339.12
2529975214,5,0,9,1,0.2879,31,44,588,0,1624,127.12,0,2339.12
2529966326,6,1,9,1,0.4138,23,85,650,0,1580,109.02,0,2339.02
2529935547,4,0,8,1,0.1384,15,35,600,0,1642,96.63,0,2338.63
2530109277,4,0,8,1,0.3913,77,29,588,0,1624,126.12,0,2338.12
2530111488,7,1,8,1,0.6767,77,45,650,0,1572,114.23,0,2336.23
2530047265,1,0,8,1,0.1512,71,53,588,0,1664,83.82,0,2335.82
2529981535,5,0,9,1,0.2325,31,85,650,0,1572,109.02,0,2331.02
2530060536,2,0,9,1,0.3147,72,84,588,0,1624,117.89,0,2329.89
2530018251,2,0,8,1,0.0658,43,70,588,0,1612,127.12,0,2327.12
2530020970,7,1,9,1,0.1062,56,8,588,0,1624,111.92,0,2323.92
2530114157,5,0,9,1,0.4,77,61,588,0,1624,107.29,0,2319.29
2530047097,7,1,8,1,0.6223,71,51,624,0,1583,111.62,0,2318.62
2530044714,5,0,9,1,0.2816,71,36,588,0,1610,115.69,0,2313.69
2530014862,2,0,8,1,0.1102,43,34,588,0,1624,101.43,0,2313.43
2529955677,1,0,8,1,0.1182,23,12,650,0,1560,103.43,0,2313.43
2530130217,5,0,8,1,0.453,86,37,484,0,1734,95.23,0,2313.23
2530012512,1,0,9,1,0.1687,43,7,588,0,1624,96.13,0,2308.13
2530042393,2,0,8,1,0.0174,71,21,600,0,1626,81.62,0,2307.62
2529933542,3,0,8,1,0.7955,15,25,650,0,1570,87.52,0,2307.52
2529933542,3,0,7,1,0.7955,15,25,650,0,1570,87.52,0,2307.52
2530040229,4,0,8,1,0.1034,71,5,650,0,1560,95.34,0,2305.34
2530049653,3,0,9,1,0.1895,71,68,624,0,1540,140.92,0,2304.92
2530047137,3,0,9,1,0.3257,71,52,624,0,1513,163.33,0,2300.33
2530112018,7,1,9,1,0.7541,77,48,598,0,1574,127.51,0,2299.51
2530113150,5,0,9,1,0.3091,77,55,588,0,1624,86.74,0,2298.74
2530041007,4,0,8,1,0.0667,71,11,600,0,1591,105.7,0,2296.7
2530051080,7,1,7,1,0.482,71,78,624,0,1540,131.62,0,2295.62
2529971408,7,1,8,1,0.134,31,26,588,0,1594,111.19,0,2293.19
2530055414,3,0,9,1,0.8093,72,25,650,0,1560,83.02,0,2293.02
2529957824,7,1,8,1,0.1483,23,24,624,0,1536,127.12,0,2287.12
2530039782,3,0,8,1,0.0571,71,4,692,0,1419,168.5,0,2279.5
2530112271,7,1,9,1,0.356,77,50,588,0,1575,111.19,0,2274.19
2529958066,4,0,8,1,0.1224,23,26,588,0,1574,111.19,0,2273.19
2530132578,4,0,9,1,0.2697,86,60,650,0,1520,97.68,0,2267.68
2530105713,2,0,9,1,0.9317,77,5,650,0,1525,90.84,0,2265.84
2530039526,2,0,9,1,0.0064,71,2,588,0,1470,201.62,0,2259.62
2530043810,4,0,9,1,0.2448,71,29,588,0,1539,130.62,0,2257.62
2530040296,3,0,9,1,0.0333,71,6,588,0,1514,154.3,0,2256.3
2530117756,4,0,8,1,0.941,77,85,650,0,1492,109.02,0,2251.02
2530117756,7,1,9,1,0.941,77,85,650,0,1492,109.02,0,2251.02
2530027149,2,0,7,1,0.0588,56,76,598,0,1524,127.51,0,2249.51
2530016416,6,1,9,1,0.0569,43,50,588,0,1549,111.19,0,2248.19
2530133467,4,0,9,1,0.1018,86,70,588,0,1524,131.62,0,2243.62
2529993876,2,0,9,1,1.0,39,12,650,0,1490,103.43,0,2243.43
2529963022,4,0,9,1,0.7927,23,59,588,0,1524,128.62,0,2240.62
2530044377,6,1,9,1,0.1135,71,34,588,0,1545,105.93,0,2238.93
2530021271,4,0,9,1,0.0005,56,11,600,0,1537,101.2,0,2238.2
2530044715,4,0,8,1,0.2816,71,36,588,0,1530,115.69,0,2233.69
2530000087,1,0,8,1,0.7228,39,82,600,0,1530,102.07,0,2232.07
2530126165,7,1,9,1,0.3721,79,85,650,0,1467,113.52,0,2230.52
2530017202,7,1,7,1,0.3129,43,57,624,0,1438,158.83,0,2220.83
2530014904,4,0,9,1,0.1102,43,34,588,0,1524,101.43,0,2213.43
2529962926,1,0,8,1,0.0505,23,58,588,0,1474,147.12,0,2209.12
2529962926,1,0,9,1,0.0505,23,58,588,0,1474,147.12,0,2209.12
2530109004,4,0,8,1,0.6242,77,28,624,0,1413,171.24,0,2208.24
2530014174,1,0,9,1,0.5233,43,25,650,0,1472,83.02,0,2205.02
2530049944,6,1,9,1,0.1886,71,70,588,0,1484,131.62,0,2203.62
2529944584,3,0,9,1,0.3529,15,57,624,0,1412,163.33,0,2199.33
2530039407,4,0,9,1,0.0008,71,1,588,0,1437,172.69,0,2197.69
2530127789,6,1,9,1,0.1835,86,11,600,0,1482,105.7,0,2187.7
2530015938,5,0,8,1,0.484,43,45,650,0,1422,114.23,0,2186.23
2530015938,6,1,9,1,0.484,43,45,650,0,1422,114.23,0,2186.23
2530111526,2,0,9,1,0.6767,77,45,650,0,1422,114.23,0,2186.23
2530040773,4,0,9,1,0.2626,71,9,588,0,1474,103.62,20,2185.62
2529993535,3,0,9,1,0.716,39,8,588,0,1481,111.92,0,2180.92
2530025065,7,1,8,1,0.3998,56,52,624,0,1395,158.83,0,2177.83
2529971216,5,0,9,1,0.2265,31,25,650,0,1442,83.02,0,2175.02
2529959429,7,1,9,1,0.3883,23,37,484,0,1600,90.73,0,2174.73
2530050220,4,0,8,1,0.1154,71,73,692,0,1319,163.7,0,2174.7
2529996805,4,0,9,1,0.9749,39,45,650,0,1410,114.23,0,2174.23
2529977698,3,0,9,1,0.1263,31,55,588,0,1499,86.74,0,2173.74
2529973552,5,0,9,1,0.4881,31,37,484,0,1599,90.73,0,2173.73
2530133468,1,0,9,1,0.1018,86,70,588,0,1454,131.62,0,2173.62
2529961798,5,0,9,1,0.1241,23,50,588,0,1474,111.19,0,2173.19
2530048512,7,1,9,1,0.258,71,60,650,0,1425,97.68,0,2172.68
2529969947,1,0,9,1,0.2444,31,20,650,0,1417,101.56,0,2168.56
2530048712,4,0,9,1,0.2256,71,61,588,0,1465,111.79,0,2164.79
2529930959,3,0,8,1,0.3145,15,14,650,0,1410,102.64,0,2162.64
2530000090,4,0,9,1,0.7228,39,82,600,0,1455,102.07,0,2157.07
2530058653,3,0,9,1,0.7915,72,60,650,0,1410,93.18,0,2153.18
2530046294,7,1,9,1,0.0875,71,46,624,0,1363,163.33,0,2150.33
2529976133,1,0,7,1,0.3067,31,48,598,0,1424,127.51,0,2149.51
2530130182,7,1,7,1,0.453,86,37,484,0,1569,95.23,0,2148.23
2530119942,4,0,9,1,0.0787,79,20,650,0,1392,106.06,0,2148.06
2529998853,1,0,9,1,0.4349,39,67,600,0,1469,77.12,0,2146.12
2529978406,1,0,9,1,0.114,31,57,624,0,1363,158.83,0,2145.83
2530014083,7,1,8,1,0.3142,43,24,624,0,1388,127.12,0,2139.12
2529956143,6,1,9,1,0.1231,23,14,650,0,1390,98.14,0,2138.14
2530129892,6,1,8,1,0.0398,86,34,588,0,1444,105.93,0,2137.93
2530111461,6,1,8,1,0.6767,77,45,650,0,1372,114.23,0,2136.23
2530111461,7,1,9,1,0.6767,77,45,650,0,1372,114.23,0,2136.23
2530017459,5,0,9,1,0.4264,43,60,650,0,1392,93.18,0,2135.18
2529969061,4,0,8,1,0.6786,31,16,588,0,1424,99.12,20,2131.12
2530107076,4,0,8,1,0.9313,77,16,588,0,1424,99.12,20,2131.12
2530012906,5,0,9,1,0.0439,43,11,600,0,1426,101.2,0,2127.2
2530012906,7,1,9,1,0.0439,43,11,600,0,1426,101.2,0,2127.2
2530017973,6,1,7,1,0.0274,43,67,600,0,1450,77.12,0,2127.12
2529968753,6,1,9,1,0.2885,31,12,650,0,1372,103.43,0,2125.43
2530021014,3,0,9,1,0.1062,56,8,588,0,1424,111.92,0,2123.92
2529977067,5,0,8,1,0.3566,31,52,624,0,1338,158.83,0,2120.83
2530039714,3,0,9,1,0.0571,71,4,692,0,1259,168.5,0,2119.5
2529932519,1,0,9,1,0.2522,15,21,600,0,1436,81.62,0,2117.62
2530126763,1,0,9,1,0.0011,86,2,588,0,1324,201.62,0,2113.62
2530126763,1,0,8,1,0.0011,86,2,588,0,1324,201.62,0,2113.62
2530056164,2,0,9,1,0.6961,72,34,588,0,1424,101.43,0,2113.43
2530014424,4,0,8,1,0.3719,43,28,624,0,1313,171.24,0,2108.24
2530108941,7,1,9,1,0.6242,77,28,624,0,1313,171.24,0,2108.24
2530052059,5,0,9,1,0.1123,71,84,588,0,1394,122.39,0,2104.39
2530133988,1,0,9,1,0.023,86,76,598,0,1374,132.01,0,2104.01
2530040913,7,1,9,1,0.005,71,10,600,0,1403,95.12,0,2098.12
2530041080,3,0,9,1,0.0667,71,11,600,0,1391,105.7,0,2096.7
2530124613,7,1,8,1,0.1139,79,70,588,0,1374,131.62,0,2093.62
2530054268,4,0,9,1,0.6275,72,12,650,0,1340,103.43,0,2093.43
2529993898,1,0,9,1,1.0,39,12,650,0,1340,103.43,0,2093.43
2530122729,3,0,8,1,0.0829,79,50,588,0,1389,115.69,0,2092.69
2530043260,5,0,9,1,0.1337,71,26,588,0,1389,115.69,0,2092.69
2530122729,3,0,8,1,0.0829,79,50,588,0,1389,115.69,0,2092.69
2529968559,3,0,8,1,0.0843,31,11,600,0,1387,101.2,0,2088.2
2530109308,2,0,8,1,0.3913,77,29,588,0,1374,126.12,0,2088.12
2530109308,2,0,8,1,0.3913,77,29,588,0,1374,126.12,0,2088.12
2530022954,1,0,8,1,0.0812,56,29,588,0,1374,126.12,0,2088.12
2530109308,1,0,8,1,0.3913,77,29,588,0,1374,126.12,0,2088.12
2530123168,4,0,8,1,0.0028,79,54,600,0,1387,98.72,0,2085.72
2530123168,5,0,9,1,0.0028,79,54,600,0,1387,98.72,0,2085.72
2530127616,2,0,9,1,0.3146,86,9,588,0,1374,103.62,20,2085.62
2529938012,7,1,9,1,0.5771,15,44,588,0,1365,131.62,0,2084.62
2530048558,2,0,9,1,0.258,71,60,650,0,1335,97.68,0,2082.68
2530120416,5,0,9,1,0.4352,79,25,650,0,1342,87.52,0,2079.52
2530123011,5,0,9,1,0.4955,79,52,624,0,1290,163.33,0,2077.33
2530130785,5,0,8,1,0.1759,86,42,600,0,1371,105.7,0,2076.7
2530016335,7,1,8,1,0.0345,43,49,600,0,1387,88.37,0,2075.37
2529971218,2,0,9,1,0.2265,31,25,650,0,1342,83.02,0,2075.02
2530129109,2,0,8,1,0.0885,86,25,650,0,1337,87.52,0,2074.52
2530057427,1,0,7,1,0.7752,72,48,598,0,1349,127.51,0,2074.51
2530022628,5,0,9,1,0.1719,56,26,588,0,1374,111.19,0,2073.19
2529973953,3,0,8,1,0.435,31,38,588,0,1348,134.32,0,2070.32
2529973953,7,1,8,1,0.435,31,38,588,0,1348,134.32,0,2070.32
2530114102,7,1,9,1,0.4,77,61,588,0,1374,107.29,0,2069.29
2530013302,7,1,7,1,0.0395,43,17,588,0,1374,105.93,0,2067.93
2529973553,7,1,8,1,0.4881,31,37,484,0,1492,90.73,0,2066.73
2530040813,4,0,8,1,0.2626,71,9,588,0,1354,103.62,20,2065.62
2530040813,5,0,9,1,0.2626,71,9,588,0,1354,103.62,20,2065.62
2530108494,6,1,9,1,0.54,77,24,624,0,1313,127.12,0,2064.12
2530054433,2,0,9,1,0.6732,72,14,650,0,1310,98.14,0,2058.14
2530014095,6,1,9,1,0.5233,43,25,650,0,1322,83.02,0,2055.02
2530051288,2,0,8,1,0.0112,71,80,600,0,1351,103.12,0,2054.12
2529964987,5,0,9,1,0.0271,23,76,598,0,1324,127.51,0,2049.51
2529964987,7,1,7,1,0.0271,23,76,598,0,1324,127.51,0,2049.51
2530113031,4,0,9,1,0.3091,77,55,588,0,1374,86.74,0,2048.74
2530025299,7,1,8,1,0.1021,56,55,588,0,1374,86.74,0,2048.74
2530119943,2,0,8,1,0.0787,79,20,650,0,1292,106.06,0,2048.06
2530016071,6,1,8,1,0.2939,43,46,624,0,1263,158.83,0,2045.83
2530049797,7,1,9,1,0.6898,71,69,624,0,1253,168.11,0,2045.11
2530049797,5,0,9,1,0.6898,71,69,624,0,1253,168.11,0,2045.11
2530119429,4,0,8,1,0.1532,79,14,650,0,1292,102.64,0,2044.64
2529995576,1,0,8,1,0.8692,39,30,650,0,1310,82.02,0,2042.02
2529963048,7,1,9,1,0.7927,23,59,588,0,1324,128.62,0,2040.62
2530025701,7,1,7,1,0.5185,56,59,588,0,1324,128.62,0,2040.62
2529966310,4,0,9,1,0.4138,23,85,650,0,1280,109.02,0,2039.02
2529955644,4,0,9,1,0.0225,23,11,600,0,1337,101.2,0,2038.2
2529927871,2,0,7,1,0.6838,15,9,588,0,1324,103.62,20,2035.62
2530049424,3,0,8,1,0.0102,71,67,600,0,1351,81.62,0,2032.62
2530053929,2,0,8,1,0.245,72,8,588,0,1331,111.92,0,2030.92
2529965955,4,0,9,1,0.0976,23,84,588,0,1324,117.89,0,2029.89
2530045839,1,0,9,1,0.2031,71,44,588,0,1310,131.62,0,2029.62
2529978528,1,0,8,1,0.8515,31,59,588,0,1312,128.62,0,2028.62
2530055696,1,0,9,1,0.882,72,28,624,0,1232,171.24,0,2027.24
2530018234,1,0,8,1,0.0658,43,70,588,0,1312,127.12,0,2027.12
2530016820,2,0,9,1,0.0887,43,54,600,0,1332,94.22,0,2026.22
2530050415,7,1,7,1,0.7333,71,74,624,0,1238,163.33,0,2025.33
2530050676,7,1,8,1,0.0307,71,76,598,0,1294,132.01,0,2024.01
2529977720,1,0,9,1,0.1263,31,55,588,0,1349,86.74,0,2023.74
2529993812,1,0,9,1,0.7939,39,11,600,0,1319,101.2,0,2020.2
2530046382,3,0,9,1,0.0058,71,47,608,0,1315,96.62,0,2019.62
2530048742,3,0,9,1,0.2256,71,61,588,0,1315,111.79,0,2014.79
2530021539,1,0,9,1,0.2344,56,14,650,0,1265,98.14,0,2013.14
2530012312,5,0,9,1,0.509,43,5,650,0,1272,90.84,0,2012.84
2530129465,5,0,9,1,0.2216,86,29,588,0,1294,130.62,0,2012.62
2530122239,4,0,8,1,0.32,79,45,650,0,1242,118.73,0,2010.73
2530046409,6,1,9,1,0.0058,71,47,608,0,1305,96.62,0,2009.62
2530109045,4,0,9,1,0.6242,77,28,624,0,1213,171.24,0,2008.24
2530109045,7,1,9,1,0.6242,77,28,624,0,1213,171.24,0,2008.24
2529967629,3,0,9,1,0.059,31,5,650,0,1267,90.84,0,2007.84
2530039297,4,0,9,1,0.0008,71,1,588,0,1247,172.69,0,2007.69
2530040203,7,1,8,1,0.1034,71,5,650,0,1260,95.34,0,2005.34
2530045772,1,0,9,1,0.0876,71,42,600,0,1299,105.7,0,2004.7
2530025574,5,0,9,1,0.3015,56,57,624,0,1220,158.83,0,2002.83
2530105797,5,0,9,1,0.4796,77,6,588,0,1264,149.8,0,2001.8
2530105797,4,0,9,1,0.4796,77,6,588,0,1264,149.8,0,2001.8
2529976076,1,0,9,1,0.3067,31,48,598,0,1274,127.51,0,1999.51
2530016343,5,0,9,1,0.0569,43,50,588,0,1299,111.19,0,1998.19
2530044007,5,0,9,1,0.002,71,32,588,0,1220,188.93,0,1996.93
2530049879,7,1,9,1,0.1886,71,70,588,0,1274,131.62,0,1993.62
2530119172,3,0,9,1,0.0013,79,11,600,0,1287,105.7,0,1992.7
2530119172,7,1,8,1,0.0013,79,11,600,0,1287,105.7,0,1992.7
2529975182,6,1,9,1,0.2879,31,44,588,0,1274,127.12,0,1989.12
2530123129,4,0,8,1,0.0028,79,54,600,0,1287,98.72,0,1985.72
2530112957,4,0,9,1,0.0313,77,54,600,0,1287,94.22,0,1981.22
2530039490,7,1,8,1,0.0064,71,2,588,0,1190,201.62,0,1979.62
2530024461,7,1,8,1,0.3152,56,46,624,0,1195,158.83,0,1977.83
2530129165,4,0,9,1,0.0872,86,26,588,0,1274,115.69,0,1977.69
2530044016,4,0,8,1,0.002,71,32,588,0,1200,188.93,0,1976.93
2529993328,7,1,9,1,0.9384,39,6,588,0,1238,149.8,0,1975.8
2530112179,4,0,9,1,0.356,77,50,588,0,1275,111.19,0,1974.19
2530014672,2,0,9,1,0.2071,43,30,650,0,1242,82.02,0,1974.02
2530014252,7,1,8,1,0.1082,43,26,588,0,1274,111.19,0,1973.19
2529962094,6,1,9,1,0.0632,23,52,624,0,1188,158.83,0,1970.83
2530000605,1,0,8,1,0.9528,39,85,650,0,1210,109.02,0,1969.02
2530040553,4,0,9,1,0.0724,71,7,588,0,1273,100.63,0,1961.63
2530012573,7,1,9,1,0.1687,43,7,588,0,1274,96.13,0,1958.13
2530020872,4,0,9,1,0.1171,56,7,588,0,1274,96.13,0,1958.13
2530043426,4,0,8,1,0.0736,71,27,600,0,1276,81.62,0,1957.62
2530043426,1,0,9,1,0.0736,71,27,600,0,1276,81.62,0,1957.62
2530055659,3,0,8,1,0.882,72,28,624,0,1157,171.24,0,1952.24
2530131146,1,0,9,1,0.0192,86,46,624,0,1163,163.33,0,1950.33
2530058789,2,0,9,1,0.9375,72,62,598,0,1224,127.51,0,1949.51
2530012655,1,0,9,1,0.0517,43,8,588,0,1248,111.92,0,1947.92
2530112657,3,0,9,1,0.8983,77,52,624,0,1163,158.83,0,1945.83
2530040195,7,1,9,1,0.1034,71,5,650,0,1200,95.34,0,1945.34
2530125374,4,0,8,1,0.6591,79,78,624,0,1188,131.62,0,1943.62
2530013592,6,1,9,1,0.2512,43,20,650,0,1192,101.56,0,1943.56
2529971381,2,0,9,1,0.134,31,26,588,0,1244,111.19,0,1943.19
2530040841,4,0,9,1,0.005,71,10,600,0,1243,95.12,0,1938.12
2530109251,7,1,8,1,0.3913,77,29,588,0,1224,126.12,0,1938.12
2529958418,4,0,8,1,0.0427,23,29,588,0,1224,126.12,0,1938.12
2530118627,5,0,8,1,0.3148,79,5,650,0,1192,95.34,0,1937.34
2530052012,7,1,9,1,0.1123,71,84,588,0,1224,122.39,0,1934.39
2530022771,4,0,9,1,0.3064,56,28,624,0,1139,171.24,0,1934.24
2530127442,6,1,9,1,0.0626,86,7,588,0,1244,100.63,0,1932.63
2530135028,5,0,9,1,0.0688,86,85,650,0,1167,113.52,0,1930.52
2530026160,4,0,8,1,0.2316,56,64,588,0,1224,117.89,0,1929.89
2530016263,4,0,8,1,0.0345,43,49,600,0,1237,88.37,0,1925.37
2530040204,2,0,9,1,0.1034,71,5,650,0,1180,95.34,0,1925.34
2530047628,4,0,9,1,0.0718,71,55,588,0,1245,91.24,0,1924.24
2529958048,4,0,8,1,0.1224,23,26,588,0,1224,111.19,0,1923.19
2529938831,7,1,9,1,0.2735,15,46,624,0,1133,163.33,0,1920.33
2530012313,3,0,8,1,0.509,43,5,650,0,1172,90.84,0,1912.84
2530012272,7,1,9,1,0.509,43,5,650,0,1172,90.84,0,1912.84
2530129534,4,0,9,1,0.2216,86,29,588,0,1194,130.62,0,1912.62
2530045578,5,0,8,1,0.004,71,41,600,0,1187,123.52,0,1910.52
2530045880,7,1,8,1,0.2031,71,44,588,0,1190,131.62,0,1909.62
2530014829,5,0,9,1,0.1892,43,33,598,0,1184,127.51,0,1909.51
2530105032,5,0,9,1,0.0679,77,2,588,0,1124,197.12,0,1909.12
2530051318,1,0,8,1,0.0112,71,80,600,0,1201,103.12,0,1904.12
2530024424,4,0,8,1,0.3152,56,46,624,0,1120,158.83,0,1902.83
2530105733,7,1,7,1,0.4796,77,6,588,0,1164,149.8,0,1901.8
2530040545,2,0,8,1,0.0724,71,7,588,0,1213,100.63,0,1901.63
2529972696,4,0,8,1,0.1404,31,33,598,0,1174,127.51,0,1899.51
2529944524,4,0,9,1,0.3529,15,57,624,0,1112,163.33,0,1899.33
2530132563,2,0,9,1,0.2697,86,60,650,0,1150,97.68,0,1897.68
2530012915,4,0,9,1,0.3314,43,12,650,0,1142,103.43,0,1895.43
2530049741,4,0,9,1,0.6898,71,69,624,0,1103,168.11,0,1895.11
2530039569,1,0,9,1,0.1933,71,3,588,0,1193,111.62,0,1892.62
2530128247,5,0,9,1,0.0557,86,17,588,0,1194,110.43,0,1892.43
2529975185,2,0,9,1,0.2879,31,44,588,0,1174,127.12,0,1889.12
2529955594,4,0,9,1,0.0225,23,11,600,0,1187,101.2,0,1888.2
2530052495,1,0,8,1,0.3266,71,85,650,0,1120,113.52,0,1883.52
2529954417,5,0,9,1,0.1648,23,5,650,0,1140,90.84,0,1880.84
2529954492,2,0,9,1,0.1648,23,5,650,0,1140,90.84,0,1880.84
2529954417,6,1,8,1,0.1648,23,5,650,0,1140,90.84,0,1880.84
2530056464,4,0,9,1,0.9139,72,37,484,0,1306,90.73,0,1880.73
2529996120,4,0,8,1,0.9724,39,37,484,0,1306,90.73,0,1880.73
2530134484,1,0,9,1,0.1436,86,82,600,0,1174,106.57,0,1880.57
2530120487,7,1,9,1,0.4352,79,25,650,0,1142,87.52,0,1879.52
2530012834,5,0,8,1,0.0439,43,11,600,0,1176,101.2,0,1877.2
2529968699,2,0,9,1,0.2885,31,12,650,0,1122,103.43,0,1875.43
2530046642,2,0,8,1,0.0492,71,49,600,0,1182,92.87,0,1874.87
2530112285,5,0,8,1,0.356,77,50,588,0,1175,111.19,0,1874.19
2529977672,4,0,9,1,0.1263,31,55,588,0,1199,86.74,0,1873.74
2529947915,2,0,8,1,0.196,15,70,588,0,1154,131.62,0,1873.62
2530016075,2,0,9,1,0.2939,43,46,624,0,1088,158.83,0,1870.83
2529993777,2,0,9,1,0.7939,39,11,600,0,1169,101.2,0,1870.2
2530049680,6,1,8,1,0.6898,71,69,624,0,1078,168.11,0,1870.11
2530114143,7,1,8,1,0.4,77,61,588,0,1174,107.29,0,1869.29
2530000566,1,0,9,1,0.9528,39,85,650,0,1110,109.02,0,1869.02
2529946858,7,1,9,1,0.8199,15,66,624,0,1113,131.62,0,1868.62
2529994199,4,0,9,1,0.5567,39,17,588,0,1174,105.93,0,1867.93
2530054563,3,0,8,1,0.4254,72,17,588,0,1174,105.93,0,1867.93
2530119195,2,0,8,1,0.0013,79,11,600,0,1162,105.7,0,1867.7
2530039290,1,0,9,1,0.0008,71,1,588,0,1107,172.69,0,1867.69
2530057576,3,0,8,1,0.3803,72,50,588,0,1168,111.19,0,1867.19
2530131285,6,1,9,1,0.0928,86,48,598,0,1137,132.01,0,1867.01
2530109860,4,0,9,1,0.2804,77,34,588,0,1174,101.43,0,1863.43
2530021501,4,0,9,1,0.2344,56,14,650,0,1115,98.14,0,1863.14
2530055273,1,0,8,1,0.5949,72,24,624,0,1108,127.12,0,1859.12
2530050603,3,0,8,1,0.071,71,75,600,0,1151,108.12,0,1859.12
2529962731,5,0,9,1,0.0734,23,57,624,0,1076,158.83,0,1858.83
2529961212,7,1,9,1,0.0823,23,46,624,0,1075,158.83,0,1857.83
2530132403,6,1,9,1,0.0236,86,58,588,0,1116,151.62,0,1855.62
2529945742,4,0,9,1,0.3478,15,62,598,0,1124,132.01,0,1854.01
2530043988,7,1,9,1,0.1007,71,30,650,0,1115,86.52,0,1851.52
2530045569,4,0,8,1,0.004,71,41,600,0,1127,123.52,0,1850.52
2530112693,5,0,9,1,0.8983,77,52,624,0,1063,158.83,0,1845.83
2530112693,4,0,9,1,0.8983,77,52,624,0,1063,158.83,0,1845.83
2530119389,7,1,9,1,0.1532,79,14,650,0,1092,102.64,0,1844.64
2530043931,7,1,8,1,0.1007,71,30,650,0,1105,86.52,0,1841.52
2529950463,1,0,8,1,0.2121,15,80,600,0,1137,103.12,0,1840.12
2530028196,3,0,9,1,0.4387,56,85,650,0,1081,109.02,0,1840.02
2530045372,5,0,9,1,0.0091,71,40,600,0,1131,108.12,0,1839.12
2530115184,2,0,7,1,0.4786,77,70,588,0,1124,127.12,0,1839.12
2529966351,6,1,9,1,0.4138,23,85,650,0,1080,109.02,0,1839.02
2530051439,6,1,9,1,0.0024,71,81,600,0,1143,95.12,0,1838.12
2530022734,4,0,9,1,0.3064,56,28,624,0,1039,171.24,0,1834.24
2529993653,3,0,9,1,0.074,39,10,600,0,1142,90.62,0,1832.62
2529968952,7,1,7,1,0.2807,31,14,650,0,1080,98.14,0,1828.14
2529953927,7,1,9,1,0.1847,23,3,588,0,1124,107.12,0,1819.12
2530041119,4,0,9,1,0.1921,71,12,650,0,1060,107.93,0,1817.93
2529935310,4,0,9,1,0.0956,15,34,588,0,1124,105.93,0,1817.93
2530026375,7,1,8,1,0.0001,56,67,600,0,1137,77.12,0,1814.12
2530056148,1,0,9,1,0.6961,72,34,588,0,1124,101.43,0,1813.43
2529955738,4,0,9,1,0.1182,23,12,650,0,1060,103.43,0,1813.43
2530014850,6,1,9,1,0.1102,43,34,588,0,1124,101.43,0,1813.43
2529957935,5,0,7,1,0.284,23,25,650,0,1080,83.02,0,1813.02
2530020399,7,1,8,1,0.0434,56,3,588,0,1115,107.12,0,1810.12
2530020399,7,1,9,1,0.0434,56,3,588,0,1115,107.12,0,1810.12
2529962846,7,1,7,1,0.0505,23,58,588,0,1074,147.12,0,1809.12
2530128585,5,0,8,1,0.3702,86,20,650,0,1050,106.06,0,1806.06
2530048678,7,1,9,1,0.2256,71,61,588,0,1105,111.79,0,1804.79
2529960981,6,1,9,1,0.1821,23,45,650,0,1040,114.23,0,1804.23
2529960981,4,0,9,1,0.1821,23,45,650,0,1040,114.23,0,1804.23
2529960981,7,1,9,1,0.1821,23,45,650,0,1040,114.23,0,1804.23
2530023207,3,0,8,1,0.131,56,33,598,0,1074,127.51,0,1799.51
2530012584,7,1,9,1,0.0517,43,8,588,0,1098,111.92,0,1797.92
2530049682,7,1,9,1,0.6898,71,69,624,0,1003,168.11,0,1795.11
2529996513,2,0,9,1,0.0664,39,41,600,0,1075,119.02,0,1794.02
2530055851,3,0,9,1,0.4597,72,30,650,0,1060,82.02,0,1792.02
2529937282,1,0,9,1,0.0074,15,41,600,0,1067,123.52,0,1790.52
2529955528,7,1,8,1,0.0225,23,11,600,0,1087,101.2,0,1788.2
2529968533,3,0,9,1,0.0843,31,11,600,0,1087,101.2,0,1788.2
2530127729,4,0,8,1,0.1835,86,11,600,0,1082,105.7,0,1787.7
2529967893,1,0,8,1,0.0484,31,7,588,0,1099,96.13,0,1783.13
2529981156,3,0,8,1,0.293,31,84,588,0,1074,117.89,0,1779.89
2529981156,4,0,9,1,0.293,31,84,588,0,1074,117.89,0,1779.89
2530019412,7,1,8,1,0.1318,43,84,588,0,1074,117.89,0,1779.89
2530131382,1,0,9,1,0.1846,86,49,600,0,1087,92.87,0,1779.87
2530131382,1,0,9,1,0.1846,86,49,600,0,1087,92.87,0,1779.87
2530019229,6,1,9,1,0.0533,43,82,600,0,1076,102.07,0,1778.07
2529977707,5,0,9,1,0.1263,31,55,588,0,1099,86.74,0,1773.74
2529969968,5,0,8,1,0.2444,31,20,650,0,1017,101.56,0,1768.56
2530040133,7,1,9,1,0.1034,71,5,650,0,1020,95.34,0,1765.34
2530052543,4,0,8,1,0.3266,71,85,650,0,1000,113.52,0,1763.52
2530050544,7,1,8,1,0.071,71,75,600,0,1051,108.12,0,1759.12
2529962732,7,1,9,1,0.0734,23,57,624,0,976,158.83,0,1758.83
2529962809,6,1,9,1,0.0734,23,57,624,0,976,158.83,0,1758.83
2530053810,7,1,9,1,0.7079,72,7,588,0,1074,96.13,0,1758.13
2530043051,3,0,8,1,0.2817,71,25,650,0,1020,87.52,0,1757.52
2529996599,1,0,9,1,0.5875,39,42,600,0,1050,101.2,0,1751.2
2530046205,1,0,9,1,0.0875,71,46,624,0,963,163.33,0,1750.33
2529965017,4,0,7,1,0.0271,23,76,598,0,1024,127.51,0,1749.51
2529934605,3,0,8,1,0.3263,15,30,650,0,1010,86.52,0,1746.52
2530125881,4,0,9,1,0.2336,79,84,588,0,1034,122.39,0,1744.39
2530047174,1,0,9,1,0.3257,71,52,624,0,953,163.33,0,1740.33
2530046636,4,0,8,1,0.0492,71,49,600,0,1047,92.87,0,1739.87
2529980883,3,0,8,1,0.0321,31,82,600,0,1037,102.07,0,1739.07
2530052053,7,1,9,1,0.1123,71,84,588,0,1024,122.39,0,1734.39
2529962307,1,0,9,1,0.0413,23,54,600,0,1037,94.22,0,1731.22
2530128067,4,0,9,1,0.2459,86,14,650,0,970,102.64,0,1722.64
2530016578,2,0,8,1,0.7943,43,51,624,0,988,107.12,0,1719.12
2530041460,7,1,9,1,0.0917,71,14,650,0,965,102.64,0,1717.64
2530055538,3,0,9,1,0.5856,72,27,600,0,1036,77.12,0,1713.12
2530055538,4,0,9,1,0.5856,72,27,600,0,1036,77.12,0,1713.12
2530042376,3,0,8,1,0.0174,71,21,600,0,1026,81.62,0,1707.62
2530039533,1,0,9,1,0.0064,71,2,588,0,910,201.62,0,1699.62
2530012585,7,1,9,1,0.0517,43,8,588,0,998,111.92,0,1697.92
2530043347,5,0,8,1,0.0736,71,27,600,0,1016,81.62,0,1697.62
2530048100,5,0,9,1,0.0703,71,57,624,0,903,163.33,0,1690.33
2529993544,1,0,8,1,0.716,39,8,588,0,981,111.92,0,1680.92
2529965946,7,1,9,1,0.0976,23,84,588,0,974,117.89,0,1679.89
2529968745,2,0,9,1,0.2885,31,12,650,0,922,103.43,0,1675.43
2529962132,7,1,9,1,0.0632,23,52,624,0,888,158.83,0,1670.83
2530129834,1,0,9,1,0.0398,86,34,588,0,974,105.93,0,1667.93
2529980949,3,0,8,1,0.0321,31,82,600,0,937,102.07,0,1639.07
2529980949,2,0,9,1,0.0321,31,82,600,0,937,102.07,0,1639.07
2529980949,1,0,8,1,0.0321,31,82,600,0,937,102.07,0,1639.07
2530129901,6,1,8,1,0.0398,86,34,588,0,944,105.93,0,1637.93
2530051577,7,1,9,1,0.1058,71,82,600,0,927,106.57,0,1633.57
2529993319,4,0,9,1,0.9384,39,6,588,0,888,149.8,0,1625.8
2529958576,1,0,8,1,0.0568,23,30,650,0,890,82.02,0,1622.02
2530127799,7,1,9,1,0.1835,86,11,600,0,912,105.7,0,1617.7
2530051587,1,0,9,1,0.1058,71,82,600,0,907,106.57,0,1613.57
2529995823,3,0,9,1,0.875,39,34,588,0,924,101.43,0,1613.43
2529995823,3,0,9,1,0.875,39,34,588,0,924,101.43,0,1613.43
2530050451,4,0,9,1,0.7333,71,74,624,0,823,163.33,0,1610.33
2529954874,4,0,9,1,0.0542,23,7,588,0,924,96.13,0,1608.13
2530040669,7,1,9,1,0.0198,71,8,588,0,894,116.42,0,1598.42
2530058117,3,0,8,1,0.6233,72,55,588,0,920,86.74,0,1594.74
2530129902,7,1,9,1,0.0398,86,34,588,0,874,105.93,0,1567.93
2529955023,7,1,8,1,0.0542,23,7,588,0,824,96.13,0,1508.13
2530114804,7,1,8,1,0.0039,77,67,600,0,708,77.12,0,1385.12
2530114776,5,0,8,1,0.0039,77,67,600,0,688,77.12,0,1365.12
2529962079,3,0,8,1,0.0632,23,52,624,0,285,158.83,0,1067.83
2529961323,1,0,8,1,0.0823,23,46,624,0,200,158.83,0,982.83
2529961294,1,0,8,1,0.0823,23,46,624,0,80,158.83,0,862.83
2532581157,7,1,8,1,0.1995,71,65,306,0,1090,96.91,0,1492.91
2552172843,3,0,8,1,0.7752,72,48,598,0,2593,127.51,0,3318.51
2552164550,7,1,9,1,0.2706,56,62,598,0,2009,127.51,0,2734.51
2552183910,5,0,9,1,0.5286,79,62,598,0,1913,132.01,0,2643.01
2552145449,3,0,8,1,0.6243,31,62,598,0,1855,127.51,0,2580.51
2552173269,6,1,8,1,0.9375,72,62,598,0,1855,127.51,0,2580.51
2552188543,3,0,9,1,0.0878,86,62,598,0,1827,132.01,0,2557.01
2552188543,2,0,9,1,0.0878,86,62,598,0,1827,132.01,0,2557.01
2552181161,1,0,8,1,0.9756,77,62,598,0,1822,127.51,0,2547.51
2552160108,4,0,8,1,0.5,43,62,598,0,1767,127.51,0,2492.51
2552160108,7,1,9,1,0.5,43,62,598,0,1767,127.51,0,2492.51
2552130900,6,1,9,1,0.3478,15,62,598,0,1740,132.01,0,2470.01
2552129371,2,0,8,1,0.2816,15,48,598,0,1740,132.01,0,2470.01
2552153629,3,0,8,1,0.9881,39,48,598,0,1740,127.51,0,2465.51
2552130819,6,1,8,1,0.3478,15,62,598,0,1657,132.01,0,2387.01
2552153607,2,0,8,1,0.9881,39,48,598,0,1657,127.51,0,2382.51
2552129429,5,0,8,1,0.2816,15,48,598,0,1578,132.01,0,2308.01
2552153655,1,0,8,1,0.9881,39,48,598,0,1578,127.51,0,2303.51
2557095838,6,1,7,1,0.7228,39,82,600,0,1980,102.07,0,2682.07
2557091127,4,0,9,1,0.6832,39,49,600,0,1919,88.37,0,2607.37
2557089500,6,1,9,1,0.9724,39,37,484,0,1963,90.73,0,2537.73
2557087946,4,0,9,1,0.9767,39,24,624,0,1733,127.12,0,2484.12
2557090411,5,0,9,1,0.875,39,44,588,0,1765,127.12,0,2480.12
2557087512,4,0,8,1,0.8529,39,20,650,0,1610,101.56,0,2361.56
2557088615,6,1,9,1,0.8692,39,30,650,0,1560,82.02,0,2292.02
2557087158,4,0,9,1,0.5567,39,17,588,0,1574,105.93,0,2267.93
2557091311,7,1,9,1,0.4659,39,50,588,0,1568,111.19,0,2267.19
2557093964,7,1,8,1,0.4349,39,67,600,0,1419,77.12,0,2096.12
2557093165,4,0,9,1,0.9947,39,60,650,0,1260,93.18,0,2003.18
2557086645,4,0,8,1,0.7939,39,11,600,0,1269,101.2,0,1970.2
2557088307,6,1,9,1,0.9793,39,28,624,0,1082,171.24,0,1877.24
2557093955,5,0,8,1,0.4349,39,67,600,0,1069,77.12,0,1746.12
2559368277,5,0,9,1,0.6294,15,51,624,0,1750,111.62,0,2485.62
2559353424,7,1,8,1,0.2522,15,21,600,0,1686,81.62,0,2367.62
2559361442,6,1,9,1,0.6101,15,36,588,0,1608,115.69,0,2311.69
2559356592,5,0,9,1,0.2203,15,26,588,0,1391,115.69,0,2094.69
2559372398,5,0,9,1,0.8489,15,59,588,0,1356,133.12,0,2077.12
2559352514,5,0,8,1,0.0,15,19,650,0,1310,87.72,0,2047.72
2559358197,4,0,8,1,0.3721,15,29,588,0,1318,130.62,0,2036.62
2559383973,5,0,9,1,0.1606,15,84,588,0,1224,122.39,0,1934.39
2559379523,7,1,8,1,0.1416,15,76,598,0,1174,132.01,0,1904.01
2559359283,5,0,9,1,0.3053,15,33,598,0,1144,132.01,0,1874.01
2559377246,4,0,9,1,0.196,15,70,588,0,1154,131.62,0,1873.62
2559346696,4,0,8,1,0.3045,15,7,588,0,1174,100.63,0,1862.63
2559382147,5,0,8,1,0.2121,15,80,600,0,1037,103.12,0,1740.12
2618649403,3,0,8,1,0.0225,23,11,600,0,470,101.2,0,1171.2
2627823948,4,0,8,1,0.0447,31,58,588,0,470,147.12,0,1205.12
2642820193,4,0,8,1,0.006,23,21,600,0,806,77.12,0,1483.12
2642820197,1,0,9,1,0.006,23,21,600,0,706,77.12,0,1383.12
2669930709,3,0,9,1,0.2522,15,21,600,0,386,81.62,0,1067.62
2678349124,6,1,8,1,0.5082,72,49,600,0,2011,88.37,0,2699.37
2678352724,6,1,9,1,0.5608,72,70,588,0,1854,127.12,0,2569.12
2678346179,4,0,9,1,0.7455,72,33,598,0,1744,127.51,0,2469.51
2678353095,4,0,8,1,0.1765,72,73,692,0,1515,159.2,0,2366.2
2678349228,5,0,9,1,0.5082,72,49,600,0,1661,88.37,0,2349.37
2678345647,7,1,9,1,0.5294,72,29,588,0,1618,126.12,0,2332.12
2678345841,5,0,9,1,0.4597,72,30,650,0,1560,82.02,0,2292.02
2678344914,4,0,9,1,0.3443,72,26,588,0,1541,111.19,0,2240.19
2678340593,7,1,9,1,0.7079,72,7,588,0,1474,96.13,0,2158.13
2678349315,7,1,8,1,0.3803,72,50,588,0,1418,111.19,0,2117.19
2678350819,4,0,9,1,0.1215,72,58,588,0,1270,147.12,0,2005.12
2678351039,5,0,9,1,0.7915,72,60,650,0,1260,93.18,0,2003.18
2678351315,4,0,9,1,0.9375,72,62,598,0,1224,127.51,0,1949.51
2678351116,7,1,9,1,0.7915,72,60,650,0,1160,93.18,0,1903.18
2678342511,6,1,9,1,0.4254,72,17,588,0,1174,105.93,0,1867.93
2678349082,7,1,9,1,0.7752,72,48,598,0,1124,127.51,0,1849.51
2678354277,7,1,9,1,0.3838,72,76,598,0,1074,127.51,0,1799.51
2683364055,7,1,9,1,0.5569,15,75,600,0,685,108.12,0,1393.12
2683364319,4,0,8,1,0.2121,15,80,600,0,685,103.12,0,1388.12
2683397595,1,0,9,1,0.0112,71,80,600,0,602,103.12,0,1305.12
2683397593,4,0,9,1,0.0112,71,80,600,0,542,103.12,0,1245.12
2683396733,6,1,9,1,0.0091,71,40,600,0,477,108.12,0,1185.12
2683364382,3,0,8,1,0.2121,15,80,600,0,460,103.12,0,1163.12
2683397599,7,1,8,1,0.0112,71,80,600,0,357,103.12,0,1060.12
2692782628,7,1,9,1,0.2078,31,36,588,0,736,111.19,0,1435.19
2713998737,4,0,8,1,0.0174,71,21,600,0,621,81.62,0,1302.62
2713999165,4,0,8,1,0.0736,71,27,600,0,416,81.62,0,1097.62
2713998773,7,1,8,1,0.0174,71,21,600,0,236,81.62,0,917.62
2714002099,3,0,8,1,0.0102,71,67,600,0,236,81.62,0,917.62
2713999111,4,0,9,1,0.0736,71,27,600,0,236,81.62,0,917.62
2728251664,1,0,8,1,0.0201,31,54,600,0,535,94.22,0,1229.22
2750879849,4,0,9,1,0.2146,43,73,692,0,879,159.2,0,1730.2
2750876716,4,0,9,1,0.0931,43,58,588,0,623,147.12,0,1358.12
2750798059,3,0,9,1,0.0542,23,7,588,0,580,96.13,0,1264.13
2750803987,7,1,8,1,0.0505,23,58,588,0,518,147.12,0,1253.12
2750807651,2,0,8,1,0.0843,31,11,600,0,542,101.2,0,1243.2
2750804713,6,1,8,1,0.2118,23,60,650,0,495,93.18,0,1238.18
2750876802,7,1,8,1,0.0931,43,58,588,0,498,147.12,0,1233.12
2750804199,4,0,9,1,0.7927,23,59,588,0,496,128.62,0,1212.62
2750866971,3,0,9,1,0.0395,43,17,588,0,494,105.93,0,1187.93
2750798789,4,0,9,1,0.1182,23,12,650,0,382,103.43,0,1135.43
2750883057,4,0,8,1,0.1318,43,84,588,0,410,117.89,0,1115.89
2750876774,4,0,8,1,0.0931,43,58,588,0,378,147.12,0,1113.12
2750875692,5,0,9,1,0.0887,43,54,600,0,411,94.22,0,1105.22
2750878974,4,0,9,1,0.0658,43,70,588,0,368,127.12,0,1083.12
2750814323,1,0,9,1,0.0807,31,61,588,0,333,107.29,0,1028.29
2750874984,6,1,9,1,0.2805,43,52,624,0,222,158.83,0,1004.83
2750901850,5,0,9,1,0.0875,71,46,624,0,211,163.33,0,998.33
2750864250,1,0,9,1,0.0951,43,6,588,0,177,149.8,0,914.8
2772337177,1,0,8,1,0.1264,23,62,598,0,2357,127.51,0,3082.51
2772340241,5,0,8,1,0.6243,31,62,598,0,2357,127.51,0,3082.51
2772347013,4,0,8,1,0.9756,77,62,598,0,2210,127.51,0,2935.51
2772344296,3,0,9,1,0.0809,56,48,598,0,2210,127.51,0,2935.51
2772344532,4,0,7,1,0.2706,56,62,598,0,2210,127.51,0,2935.51
2772336325,4,0,9,1,0.2816,15,48,598,0,2010,132.01,0,2740.01
2774692170,2,0,9,1,0.8515,31,59,588,0,750,128.62,0,1466.62
2774728950,5,0,9,1,0.0001,56,67,600,0,766,77.12,0,1443.12
2774688312,7,1,9,1,0.2885,31,12,650,0,497,103.43,0,1250.43
2774689190,4,0,8,1,0.2444,31,20,650,0,484,101.56,0,1235.56
2774721604,4,0,9,1,0.4558,43,37,484,0,503,90.73,0,1077.73
2774688359,2,0,9,1,0.2885,31,12,650,0,252,103.43,0,1005.43
2774688722,2,0,8,1,0.2807,31,14,650,0,210,98.14,0,958.14
2774683960,5,0,9,1,0.2655,15,53,588,0,281,83.82,0,952.82
2774683970,1,0,8,1,0.2655,15,53,588,0,181,83.82,0,852.82
2785201480,1,0,9,1,0.0576,31,46,624,0,629,158.83,0,1411.83
2785187824,4,0,9,1,0.5073,15,54,600,0,699,98.72,0,1397.72
2785406952,7,1,9,1,0.287,79,60,650,0,600,97.68,0,1347.68
2785315043,7,1,9,1,0.3443,72,26,588,0,628,111.19,0,1327.19
2785278735,7,1,9,1,0.1039,56,50,588,0,618,111.19,0,1317.19
2785183363,4,0,8,1,0.6503,15,24,624,0,509,131.62,0,1264.62
2785279482,7,1,8,1,0.3136,56,60,650,0,505,93.18,0,1248.18
2785271453,3,0,8,1,0.0434,56,3,588,0,535,107.12,0,1230.12
2785400880,5,0,9,1,0.2152,79,3,588,0,529,111.62,0,1228.62
2785276353,7,1,8,1,0.068,56,34,588,0,526,101.43,0,1215.43
2785289715,1,0,8,1,0.1921,71,12,650,0,437,107.93,0,1194.93
2785293597,2,0,8,1,0.0174,71,21,600,0,491,81.62,0,1172.62
2785295346,3,0,8,1,0.3849,71,24,624,0,415,131.62,0,1170.62
2785272196,5,0,9,1,0.1062,56,8,588,0,450,111.92,0,1149.92
2785402775,1,0,9,1,0.1532,79,14,650,0,347,102.64,0,1099.64
2785403252,4,0,9,1,0.0787,79,20,650,0,332,106.06,0,1088.06
2785272172,7,1,9,1,0.1062,56,8,588,0,230,111.92,0,929.92
2785192499,3,0,8,1,0.1606,15,84,588,0,112,122.39,0,822.39
2794781357,4,0,9,1,0.7081,77,51,624,0,1155,107.12,0,1886.12
2794781433,3,0,9,1,0.7081,77,51,624,0,930,107.12,0,1661.12
2794800745,6,1,7,1,0.4568,86,28,624,0,835,175.74,0,1634.74
2794714005,3,0,9,1,0.509,43,5,650,0,878,90.84,0,1618.84
2794781422,1,0,8,1,0.7081,77,51,624,0,865,107.12,0,1596.12
2794782457,5,0,9,1,0.4,77,61,588,0,892,107.29,0,1587.29
2794714057,6,1,9,1,0.509,43,5,650,0,828,90.84,0,1568.84
2794704185,4,0,9,1,0.9744,39,25,650,0,826,83.02,0,1559.02
2794779401,4,0,9,1,0.6242,77,28,624,0,759,171.24,0,1554.24
2794702442,4,0,8,1,0.9423,39,5,650,0,798,90.84,0,1538.84
2794779161,7,1,9,1,0.8926,77,25,650,0,790,83.02,0,1523.02
2794714332,4,0,9,1,0.3314,43,12,650,0,759,103.43,0,1512.43
2794706392,5,0,9,1,0.4659,39,50,588,0,803,111.19,0,1502.19
2794782516,4,0,8,1,0.4,77,61,588,0,767,107.29,0,1462.29
2794717094,4,0,9,1,0.3064,56,28,624,0,660,171.24,0,1455.24
2794781809,5,0,8,1,0.3091,77,55,588,0,767,86.74,0,1441.74
2794780003,3,0,8,1,0.6214,77,36,588,0,720,111.19,0,1419.19
2794686660,7,1,9,1,0.3851,23,66,624,0,668,127.12,0,1419.12
2794714353,3,0,9,1,0.3314,43,12,650,0,659,103.43,0,1412.43
2794779834,4,0,9,1,0.4274,77,33,598,0,642,127.51,0,1367.51
2794782524,3,0,8,1,0.4,77,61,588,0,667,107.29,0,1362.29
2794731506,4,0,7,1,0.6898,71,69,624,0,538,168.11,0,1330.11
2794714075,7,1,9,1,0.509,43,5,650,0,583,90.84,0,1323.84
2794780361,4,0,9,1,0.6214,77,36,588,0,595,111.19,0,1294.19
2794780361,1,0,8,1,0.6214,77,36,588,0,595,111.19,0,1294.19
2794734166,7,1,9,1,0.3266,71,85,650,0,516,113.52,0,1279.52
2794706548,4,0,9,1,0.4659,39,50,588,0,578,111.19,0,1277.19
2794683253,4,0,9,1,0.3478,15,62,598,0,522,132.01,0,1252.01
2794727636,4,0,9,1,0.2031,71,44,588,0,519,131.62,0,1238.62
2794714079,3,0,9,1,0.509,43,5,650,0,483,90.84,0,1223.84
2794678500,5,0,8,1,0.1174,15,17,588,0,513,110.43,0,1211.43
2794779275,1,0,9,1,0.3354,77,26,588,0,475,111.19,0,1174.19
2794728657,3,0,9,1,0.0787,71,50,588,0,409,115.69,0,1112.69
2794799762,5,0,9,1,0.0557,86,17,588,0,391,110.43,0,1089.43
2794731806,5,0,9,1,0.1886,71,70,588,0,338,131.62,0,1057.62
2794729906,5,0,8,1,0.0703,71,57,624,0,243,163.33,0,1030.33
2794683280,2,0,8,1,0.3478,15,62,598,0,297,132.01,0,1027.01
2794731520,5,0,8,1,0.6898,71,69,624,0,233,168.11,0,1025.11
2794786405,6,1,8,1,0.4955,79,52,624,0,237,163.33,0,1024.33
2794725754,4,0,9,1,0.1135,71,34,588,0,329,105.93,0,1022.93
2794729202,4,0,9,1,0.3257,71,52,624,0,233,163.33,0,1020.33
2794714553,7,1,9,1,0.3314,43,12,650,0,264,103.43,0,1017.43
2794733789,1,0,9,1,0.1123,71,84,588,0,303,122.39,0,1013.39
2794731756,4,0,8,1,0.1886,71,70,588,0,278,131.62,0,997.62
2794722100,1,0,7,1,0.0667,71,11,600,0,285,105.7,0,990.7
2794721208,7,1,9,1,0.0198,71,8,588,0,269,116.42,0,973.42
2794680624,7,1,8,1,0.7036,15,37,484,0,381,95.23,0,960.23
2794723342,6,1,9,1,0.0199,71,17,588,0,249,110.43,0,947.43
2794723342,4,0,7,1,0.0199,71,17,588,0,249,110.43,0,947.43
2794731528,1,0,7,1,0.6898,71,69,624,0,153,168.11,0,945.11
2794723382,2,0,8,1,0.0199,71,17,588,0,229,110.43,0,927.43
2794786410,7,1,8,1,0.4955,79,52,624,0,137,163.33,0,924.33
2794731766,2,0,8,1,0.1886,71,70,588,0,198,131.62,0,917.62
2794799753,4,0,8,1,0.0557,86,17,588,0,201,110.43,0,899.43
2794729366,7,1,9,1,0.1512,71,53,588,0,205,83.82,0,876.82
2794723351,7,1,8,1,0.0199,71,17,588,0,169,110.43,0,867.43
2794702860,4,0,9,1,0.716,39,8,588,0,166,111.92,0,865.92
2794722053,3,0,9,1,0.0667,71,11,600,0,145,105.7,0,850.7
2794680301,7,1,9,1,0.0956,15,34,588,0,156,105.93,0,849.93
2814058553,1,0,8,1,0.8164,15,85,650,0,1051,113.52,0,1814.52
2814123750,5,0,9,1,0.0571,71,4,692,0,889,168.5,0,1749.5
2814123849,2,0,9,1,0.0571,71,4,692,0,869,168.5,0,1729.5
2814127274,4,0,9,1,0.0109,71,13,692,0,859,173.4,0,1724.4
2814146253,4,0,9,1,0.6275,72,12,650,0,940,103.43,0,1693.43
2814225680,7,1,9,1,0.0885,86,25,650,0,945,87.52,0,1682.52
2814141056,1,0,9,1,0.1154,71,73,692,0,769,163.7,0,1624.7
2814148754,3,0,9,1,0.4597,72,30,650,0,882,82.02,0,1614.02
2814153148,5,0,9,1,0.7915,72,60,650,0,863,93.18,0,1606.18
2814096713,2,0,9,1,1.0,39,12,650,0,810,103.43,0,1563.43
2814143725,3,0,9,1,0.0068,71,83,692,0,674,178.17,0,1544.17
2814102235,4,0,9,1,0.6832,39,49,600,0,842,88.37,0,1530.37
2814141165,6,1,9,1,0.1154,71,73,692,0,664,163.7,0,1519.7
2814067242,2,0,8,1,0.2879,31,44,588,0,781,127.12,0,1496.12
2814154820,5,0,8,1,0.3838,72,76,598,0,759,127.51,0,1484.51
2814126587,3,0,8,1,0.2626,71,9,588,0,752,103.62,20,1463.62
2814225798,1,0,9,1,0.0885,86,25,650,0,725,87.52,0,1462.52
2814051902,5,0,9,1,0.257,15,49,600,0,766,92.87,0,1458.87
2814102240,3,0,8,1,0.6832,39,49,600,0,742,88.37,0,1430.37
2814228458,7,1,9,1,0.1029,86,59,588,0,704,133.12,0,1425.12
2814153909,7,1,9,1,0.2571,72,67,600,0,741,77.12,0,1418.12
2814211115,7,1,9,1,0.4786,79,36,588,0,710,115.69,0,1413.69
2814145769,7,1,9,1,0.7079,72,7,588,0,726,96.13,0,1410.13
2814154029,5,0,9,1,0.5608,72,70,588,0,694,127.12,0,1409.12
2814128451,5,0,9,1,0.0045,71,18,600,0,702,95.12,0,1397.12
2814143081,6,1,9,1,0.1058,71,82,600,0,690,106.57,0,1396.57
2814119282,3,0,9,1,0.3179,56,45,650,0,626,114.23,0,1390.23
2814148311,1,0,8,1,0.5949,72,24,624,0,639,127.12,0,1390.12
2814104878,1,0,9,1,0.4349,39,67,600,0,711,77.12,0,1388.12
2814149300,1,0,9,1,0.7455,72,33,598,0,659,127.51,0,1384.51
2814205857,5,0,9,1,0.7861,77,37,484,0,794,90.73,0,1368.73
2814048356,7,1,8,1,0.2203,15,26,588,0,652,115.69,0,1355.69
2814126981,4,0,9,1,0.005,71,10,600,0,660,95.12,0,1355.12
2814100115,7,1,9,1,0.9724,39,37,484,0,770,90.73,0,1344.73
2814139822,6,1,9,1,0.6382,71,66,624,0,586,131.62,0,1341.62
2814054514,2,0,8,1,0.5495,15,60,650,0,591,97.68,0,1338.68
2814225745,3,0,8,1,0.0885,86,25,650,0,600,87.52,0,1337.52
2814051233,6,1,9,1,0.5771,15,44,588,0,615,131.62,0,1334.62
2814138147,5,0,8,1,0.258,71,60,650,0,577,97.68,0,1324.68
2814049702,6,1,7,1,0.1384,15,35,600,0,622,96.63,0,1318.63
2814153914,4,0,8,1,0.2571,72,67,600,0,641,77.12,0,1318.12
2814224104,1,0,8,1,0.0299,86,5,650,0,566,95.34,0,1311.34
2814208506,5,0,9,1,0.3148,79,5,650,0,558,95.34,0,1303.34
2814227958,2,0,8,1,0.06,86,53,588,0,622,83.82,0,1293.82
2814096733,3,0,9,1,1.0,39,12,650,0,535,103.43,0,1288.43
2814096733,1,0,8,1,1.0,39,12,650,0,535,103.43,0,1288.43
2814065474,4,0,8,1,0.6786,31,16,588,0,581,99.12,20,1288.12
2814139744,7,1,8,1,0.6382,71,66,624,0,526,131.62,0,1281.62
2814099122,2,0,8,1,0.9793,39,28,624,0,484,171.24,0,1279.24
2814212830,5,0,9,1,0.1771,79,76,598,0,543,132.01,0,1273.01
2814124487,4,0,9,1,0.1034,71,5,650,0,522,95.34,0,1267.34
2814139825,1,0,9,1,0.6382,71,66,624,0,506,131.62,0,1261.62
2814148606,7,1,8,1,0.882,72,28,624,0,464,171.24,0,1259.24
2814211395,7,1,8,1,0.1514,79,38,588,0,521,138.82,0,1247.82
2814229145,1,0,8,1,0.5707,86,66,624,0,489,131.62,0,1244.62
2814125801,3,0,8,1,0.0724,71,7,588,0,554,100.63,0,1242.63
2814132450,6,1,8,1,0.0255,71,35,600,0,545,96.63,0,1241.63
2814126604,5,0,9,1,0.2626,71,9,588,0,527,103.62,20,1238.62
2814043118,2,0,9,1,0.2298,15,3,588,0,534,111.62,0,1233.62
2814101368,4,0,8,1,0.9749,39,45,650,0,465,114.23,0,1229.23
2814121701,4,0,8,1,0.0588,56,76,598,0,494,127.51,0,1219.51
2814126677,7,1,9,1,0.2626,71,9,588,0,507,103.62,20,1218.62
2814045678,2,0,8,1,0.4621,15,12,650,0,459,107.93,0,1216.93
2814203427,6,1,9,1,0.9317,77,5,650,0,476,90.84,0,1216.84
2814145870,7,1,9,1,0.245,72,8,588,0,516,111.92,0,1215.92
2814118039,5,0,8,1,0.0812,56,20,650,0,464,101.56,0,1215.56
2814223929,1,0,7,1,0.0011,86,2,588,0,402,201.62,0,1191.62
2814229188,4,0,8,1,0.5707,86,66,624,0,434,131.62,0,1189.62
2814124509,3,0,9,1,0.1034,71,5,650,0,442,95.34,0,1187.34
2814116053,4,0,9,1,0.1712,56,6,588,0,447,149.8,0,1184.8
2814227538,6,1,9,1,0.1846,86,49,600,0,482,92.87,0,1174.87
2814203230,5,0,8,1,0.5492,77,3,588,0,476,107.12,0,1171.12
2814049103,4,0,8,1,0.3263,15,30,650,0,427,86.52,0,1163.52
2814132453,2,0,8,1,0.0255,71,35,600,0,465,96.63,0,1161.63
2814228410,4,0,9,1,0.0236,86,58,588,0,402,151.62,0,1141.62
2814226110,1,0,9,1,0.2216,86,29,588,0,412,130.62,0,1130.62
2814119650,5,0,8,1,0.3152,56,46,624,0,346,158.83,0,1128.83
2814055946,4,0,9,1,0.196,15,70,588,0,408,131.62,0,1127.62
2814099096,1,0,9,1,0.9793,39,28,624,0,324,171.24,0,1119.24
2814043041,4,0,9,1,0.2298,15,3,588,0,414,111.62,0,1113.62
2814122996,7,1,9,1,0.0008,71,1,588,0,350,172.69,0,1110.69
2814122996,1,0,9,1,0.0008,71,1,588,0,350,172.69,0,1110.69
2814044958,1,0,8,1,0.0593,15,8,588,0,404,116.42,0,1108.42
2814141457,4,0,8,1,0.7333,71,74,624,0,318,163.33,0,1105.33
2814135412,6,1,9,1,0.6223,71,51,624,0,364,111.62,0,1099.62
2814125062,7,1,8,1,0.1034,71,5,650,0,352,95.34,0,1097.34
2814226209,2,0,9,1,0.2425,86,30,650,0,352,86.52,0,1088.52
2814135049,2,0,9,1,0.0492,71,49,600,0,395,92.87,0,1087.87
2814125487,6,1,8,1,0.0333,71,6,588,0,337,154.3,0,1079.3
2814224309,2,0,9,1,0.018,86,8,588,0,373,116.42,0,1077.42
2814128471,1,0,9,1,0.0045,71,18,600,0,377,95.12,0,1072.12
2814138922,6,1,9,1,0.2256,71,61,588,0,372,111.79,0,1071.79
2814203236,3,0,8,1,0.5492,77,3,588,0,376,107.12,0,1071.12
2814132541,3,0,8,1,0.2816,71,36,588,0,366,115.69,0,1069.69
2814049120,4,0,9,1,0.3263,15,30,650,0,327,86.52,0,1063.52
2814137805,7,1,9,1,0.0395,71,58,588,0,320,151.62,0,1059.62
2814228102,2,0,9,1,0.032,86,55,588,0,378,91.24,0,1057.24
2814212991,1,0,9,1,0.1771,79,76,598,0,318,132.01,0,1048.01
2814137843,4,0,8,1,0.0395,71,58,588,0,300,151.62,0,1039.62
2814211201,6,1,9,1,0.5936,79,37,484,0,460,95.23,0,1039.23
2814141485,1,0,9,1,0.7333,71,74,624,0,238,163.33,0,1025.33
2814061752,6,1,9,1,0.0299,23,55,588,0,350,86.74,0,1024.74
2814055745,5,0,8,1,0.196,15,70,588,0,288,131.62,0,1007.62
2814145832,1,0,9,1,0.245,72,8,588,0,296,111.92,0,995.92
2814138221,6,1,9,1,0.258,71,60,650,0,242,97.68,0,989.68
2814136637,3,0,9,1,0.0533,71,54,600,0,289,98.72,0,987.72
2814141341,3,0,9,1,0.7333,71,74,624,0,178,163.33,0,965.33
2814116046,3,0,8,1,0.1712,56,6,588,0,227,149.8,0,964.8
2814142166,2,0,8,1,0.0307,71,76,598,0,223,132.01,0,953.01
2814227470,4,0,9,1,0.0928,86,48,598,0,217,132.01,0,947.01
2814124838,2,0,8,1,0.1034,71,5,650,0,167,95.34,0,912.34
2814209526,1,0,8,1,0.07,79,17,588,0,200,110.43,0,898.43
2814142122,2,0,8,1,0.0307,71,76,598,0,163,132.01,0,893.01
2814138789,5,0,9,1,0.2256,71,61,588,0,192,111.79,0,891.79
2814227822,3,0,9,1,0.2829,86,52,624,0,102,163.33,0,889.33
2814227822,4,0,9,1,0.2829,86,52,624,0,102,163.33,0,889.33
2814045023,3,0,8,1,0.0593,15,8,588,0,159,116.42,0,863.42
2814131839,3,0,8,1,0.1007,71,30,650,0,58,86.52,0,794.52
2817805022,4,0,9,1,0.7081,77,51,624,0,807,107.12,0,1538.12
2817805031,7,1,9,1,0.8983,77,52,624,0,726,158.83,0,1508.83
2817805031,4,0,9,1,0.8983,77,52,624,0,726,158.83,0,1508.83
2817802393,3,0,8,1,0.8093,72,25,650,0,695,83.02,0,1428.02
2817801938,3,0,8,1,0.0068,71,63,692,0,560,167.0,0,1419.0
2817802741,6,1,9,1,0.7915,72,60,650,0,667,93.18,0,1410.18
2817800671,7,1,9,1,0.5177,43,85,650,0,648,109.02,0,1407.02
2817802762,3,0,9,1,0.9375,72,62,598,0,663,127.51,0,1388.51
2817802280,5,0,9,1,0.6275,72,12,650,0,629,103.43,0,1382.43
2817802663,4,0,8,1,0.9051,72,52,624,0,556,158.83,0,1338.83
2817802580,3,0,9,1,0.8785,72,45,650,0,570,114.23,0,1334.23
2817802332,2,0,9,1,0.662,72,20,650,0,558,101.56,0,1309.56
2817802462,6,1,9,1,0.7455,72,33,598,0,584,127.51,0,1309.51
2817800298,5,0,9,1,0.1102,43,34,588,0,610,101.43,0,1299.43
2817801723,1,0,8,1,0.002,71,32,588,0,439,188.93,0,1215.93
2817806489,6,1,9,1,0.6663,86,51,624,0,458,111.62,0,1193.62
2817797139,6,1,9,1,0.2939,31,70,588,0,474,127.12,0,1189.12
2817799307,5,0,9,1,0.7228,39,82,600,0,478,102.07,0,1180.07
2817801052,2,0,9,1,0.3398,56,36,588,0,473,111.19,0,1172.19
2817794445,3,0,9,1,0.8199,15,66,624,0,414,131.62,0,1169.62
2817801802,6,1,9,1,0.2031,71,44,588,0,444,131.62,0,1163.62
2817796067,5,0,9,1,0.0279,23,82,600,0,458,102.07,0,1160.07
2817796152,7,1,9,1,0.4138,23,85,650,0,398,109.02,0,1157.02
2817793934,7,1,9,1,0.0074,15,41,600,0,411,123.52,0,1134.52
2817805008,7,1,9,1,0.356,77,50,588,0,433,111.19,0,1132.19
2817801284,3,0,9,1,0.4609,56,66,624,0,364,127.12,0,1115.12
2817804664,4,0,9,1,0.4454,77,14,650,0,355,98.14,0,1103.14
2817796394,7,1,8,1,0.6786,31,16,588,0,383,99.12,20,1090.12
2817796394,2,0,9,1,0.6786,31,16,588,0,383,99.12,20,1090.12
2817804899,7,1,8,1,0.7861,77,37,484,0,465,90.73,0,1039.73
2817802380,2,0,8,1,0.5949,72,24,624,0,278,127.12,0,1029.12
2817801961,4,0,9,1,0.6382,71,66,624,0,263,131.62,0,1018.62
2817801112,6,1,9,1,0.3179,56,45,650,0,250,114.23,0,1014.23
2817793364,6,1,9,1,0.3145,15,14,650,0,255,102.64,0,1007.64
2817806594,5,0,9,1,0.1018,86,70,588,0,284,131.62,0,1003.62
2817793715,7,1,8,1,0.3263,15,30,650,0,263,86.52,0,999.52
2817802826,2,0,9,1,0.5608,72,70,588,0,244,127.12,0,959.12
2817800488,2,0,9,1,0.5,43,62,598,0,220,127.51,0,945.51
2817805251,3,0,9,1,0.2152,79,3,588,0,242,111.62,0,941.62
2817805251,3,0,9,1,0.2152,79,3,588,0,242,111.62,0,941.62
2817801274,6,1,9,1,0.2316,56,64,588,0,215,117.89,0,920.89
2817806503,4,0,9,1,0.06,86,53,588,0,249,83.82,0,920.82
2817805320,4,0,8,1,0.07,79,17,588,0,214,110.43,0,912.43
2817800763,3,0,9,1,0.0434,56,3,588,0,215,107.12,0,910.12
2817794857,7,1,9,1,0.1847,23,3,588,0,192,107.12,0,887.12
2817798452,4,0,9,1,0.8994,39,14,650,0,135,98.14,0,883.14
2817795259,1,0,9,1,0.0881,23,28,624,0,80,171.24,0,875.24
2817801816,1,0,9,1,0.0875,71,46,624,0,86,163.33,0,873.33
2817794169,7,1,9,1,0.6294,15,51,624,0,129,111.62,0,864.62
2817794024,2,0,9,1,0.2735,15,46,624,0,77,163.33,0,864.33
2817798330,6,1,9,1,0.716,39,8,588,0,140,111.92,0,839.92
2817798453,3,0,8,1,0.8994,39,14,650,0,85,98.14,0,833.14
2817796285,3,0,9,1,0.059,31,5,650,0,90,90.84,0,830.84
2817801583,2,0,9,1,0.0917,71,14,650,0,55,102.64,0,807.64
2817806128,3,0,8,1,0.018,86,8,588,0,90,116.42,0,794.42
2817806522,2,0,9,1,0.032,86,55,588,0,95,91.24,0,774.24
