DATE,DCOILWTICO,Change
2012-09-26,89.92,0
2012-09-27,91.89,2.19083629893238
2012-09-28,92.18,0.315594732832742
2012-10-01,92.44,0.282056845302659
2012-10-02,91.88,-0.60579835569018
2012-10-03,88.19,-4.01610796691336
2012-10-04,91.69,3.96870393468647
2012-10-05,89.87,-1.98494928563638
2012-10-08,89.43,-0.489596083231332
2012-10-09,92.42,3.34339707033433
2012-10-10,91.24,-1.27677991776672
2012-10-11,92.19,1.04120999561596
2012-10-12,91.83,-0.390497884803123
2012-10-15,91.84,0.0108896874659753
2012-10-16,92.07,0.250435540069675
2012-10-17,92.04,-0.0325839035516313
2012-10-18,92,-0.0434593654932706
2012-10-19,90,-2.17391304347826
2012-10-22,88.3,-1.88888888888889
2012-10-23,86.65,-1.86862967157417
2012-10-24,85.39,-1.45412579342182
2012-10-25,85.59,0.234219463637432
2012-10-26,85.84,0.292090197452973
2012-10-29,85.52,-0.37278657968314
2012-10-30,85.65,0.152011225444352
2012-10-31,86.23,0.677174547577348
2012-11-01,87.05,0.950945146700676
2012-11-02,84.9,-2.46984491671452
2012-11-05,85.64,0.871613663133092
2012-11-06,88.62,3.47968239140589
2012-11-07,84.5,-4.64906341683593
2012-11-08,85.07,0.674556213017743
2012-11-09,86.08,1.18725755260374
2012-11-12,85.56,-0.60408921933085
2012-11-13,85.38,-0.210378681626936
2012-11-14,86.32,1.10096041227453
2012-11-15,85.45,-1.00787766450416
2012-11-16,86.62,1.36922176711527
2012-11-19,89.05,2.80535673054721
2012-11-20,86.46,-2.90847838293094
2012-11-21,87.08,0.717094610224387
2012-11-22,.,
2012-11-23,87.01,
2012-11-26,87.28,0.310309159866677
2012-11-27,86.81,-0.538496791934004
2012-11-28,86.1,-0.817878124640028
2012-11-29,87.64,1.78861788617887
2012-11-30,88.54,1.02692834322228
2012-12-03,88.69,0.169414953693236
2012-12-04,88.04,-0.732889841019271
2012-12-05,87.36,-0.772376192639717
2012-12-06,85.47,-2.16346153846154
2012-12-07,85.45,-0.0234000234000187
2012-12-10,85.14,-0.362785254534818
2012-12-11,85.36,0.258397932816536
2012-12-12,86.35,1.15979381443298
2012-12-13,85.39,-1.11175448755066
2012-12-14,86.32,1.08912050591403
2012-12-17,86.71,0.451807228915663
2012-12-18,87.46,0.864952139314958
2012-12-19,89.09,1.86370912417106
2012-12-20,89.76,0.752048490290719
2012-12-21,88.2,-1.73796791443851
2012-12-24,88.29,0.102040816326534
2012-12-25,.,
2012-12-26,90.71,
2012-12-27,90.91,0.220482857457836
2012-12-28,90.66,-0.2749972500275
2012-12-31,91.83,1.29053606882859
2013-01-01,.,
2013-01-02,93.14,
2013-01-03,92.97,-0.182520936225039
2013-01-04,93.12,0.161342368505976
2013-01-07,93.2,0.0859106529209604
2013-01-08,93.21,0.0107296137338958
2013-01-09,93.08,-0.139470013946997
2013-01-10,93.81,0.784271594327465
2013-01-11,93.6,-0.223856731691726
2013-01-14,94.27,0.715811965811968
2013-01-15,93.26,-1.0713906863265
2013-01-16,94.28,1.09371649152905
2013-01-17,95.49,1.28341111582519
2013-01-18,95.61,0.12566760917374
2013-01-21,.,
2013-01-22,96.09,
2013-01-23,95.06,-1.0719117494016
2013-01-24,95.35,0.305070481800959
2013-01-25,95.15,-0.209753539590969
2013-01-28,95.95,0.840777719390433
2013-01-29,97.62,1.74048983845753
2013-01-30,97.98,0.368776889981561
2013-01-31,97.65,-0.336803429271278
2013-02-01,97.46,-0.194572452636981
2013-02-04,96.21,-1.28257746767905
2013-02-05,96.68,0.488514707410886
2013-02-06,96.44,-0.248241621845272
2013-02-07,95.84,-0.622148486105345
2013-02-08,95.71,-0.135642737896504
2013-02-11,97.01,1.35826977327344
2013-02-12,97.48,0.484486135449952
2013-02-13,97.03,-0.461633155519084
2013-02-14,97.3,0.278264454292483
2013-02-15,95.95,-1.3874614594039
2013-02-18,.,
2013-02-19,96.69,
2013-02-20,94.92,-1.83059261557555
2013-02-21,92.79,-2.24399494310998
2013-02-22,93.12,0.355641771742643
2013-02-25,92.74,-0.408075601374581
2013-02-26,92.63,-0.118611171015742
2013-02-27,92.84,0.226708409802448
2013-02-28,92.03,-0.872468763464027
2013-03-01,90.71,-1.4343148973161
2013-03-04,90.13,-0.639400286627713
2013-03-05,90.88,0.832131365804949
2013-03-06,90.47,-0.451144366197179
2013-03-07,91.53,1.1716591135183
2013-03-08,92.01,0.524418223533272
2013-03-11,92.07,0.065210303227897
2013-03-12,92.44,0.401868143803633
2013-03-13,92.47,0.0324534833405465
2013-03-14,93.03,0.605601816805453
2013-03-15,93.49,0.49446415134902
2013-03-18,93.71,0.235319285485077
2013-03-19,92.44,-1.35524490449258
2013-03-20,93.21,0.83297273907399
2013-03-21,92.46,-0.804634695848085
2013-03-22,93.41,1.02747133895739
2013-03-25,94.55,1.22042607857831
2013-03-26,95.99,1.52300370174511
2013-03-27,96.53,0.562558599854158
2013-03-28,97.24,0.735522635450113
2013-03-29,.,
2013-04-01,97.1,
2013-04-02,97.23,0.133882595262626
2013-04-03,95.02,-2.27296102026124
2013-04-04,93.26,-1.85224163334034
2013-04-05,92.76,-0.536135535063264
2013-04-08,93.36,0.646830530401029
2013-04-09,94.18,0.878320479862904
2013-04-10,94.59,0.435336589509446
2013-04-11,93.44,-1.21577333756212
2013-04-12,91.23,-2.36515410958903
2013-04-15,88.75,-2.71840403376083
2013-04-16,88.73,-0.0225352112676012
2013-04-17,86.65,-2.3441902400541
2013-04-18,87.83,1.36180034622042
2013-04-19,88.04,0.239098257998415
2013-04-22,88.81,0.874602453430254
2013-04-23,89.21,0.450399729760153
2013-04-24,91.07,2.08496805290887
2013-04-25,93.27,2.41572416822225
2013-04-26,92.63,-0.686179907794575
2013-04-29,94.09,1.57616323005507
2013-04-30,93.22,-0.924646614943144
2013-05-01,90.74,-2.66037331044841
2013-05-02,93.7,3.26206744544854
2013-05-03,95.25,1.65421558164354
2013-05-06,95.8,0.577427821522307
2013-05-07,95.28,-0.542797494780789
2013-05-08,96.24,1.00755667506297
2013-05-09,96.09,-0.155860349127173
2013-05-10,95.81,-0.291393485274223
2013-05-13,94.76,-1.09591900636676
2013-05-14,93.96,-0.844238075137201
2013-05-15,93.95,-0.0106428267347711
2013-05-16,94.85,0.957956359765824
2013-05-17,95.72,0.917237743806014
2013-05-20,96.29,0.595486836606777
2013-05-21,95.55,-0.76851178730918
2013-05-22,93.98,-1.64311878597592
2013-05-23,94.12,0.148967865503299
2013-05-24,93.84,-0.297492562685934
2013-05-27,.,
2013-05-28,94.65,
2013-05-29,93.13,-1.60591653460117
2013-05-30,93.57,0.472457854611831
2013-05-31,91.93,-1.75269851448112
2013-06-03,93.41,1.60992059175458
2013-06-04,93.36,-0.053527459586765
2013-06-05,93.66,0.321336760925447
2013-06-06,94.71,1.12107623318385
2013-06-07,96.11,1.47819660014783
2013-06-10,95.82,-0.301737592342115
2013-06-11,95.5,-0.333959507409719
2013-06-12,95.98,0.502617801047125
2013-06-13,96.66,0.708480933527811
2013-06-14,97.83,1.21042830540037
2013-06-17,97.86,0.0306654400490659
2013-06-18,98.46,0.613120784794599
2013-06-19,98.24,-0.223440991265487
2013-06-20,94.89,-3.41001628664495
2013-06-21,93.81,-1.13815997470755
2013-06-24,95.07,1.34314039015029
2013-06-25,95.25,0.189334174818562
2013-06-26,95.47,0.230971128608923
2013-06-27,97,1.6025976746622
2013-06-28,96.36,-0.65979381443299
2013-07-01,97.94,1.63968451639684
2013-07-02,99.65,1.74596691852155
2013-07-03,101.92,2.27797290516808
2013-07-04,.,
2013-07-05,103.09,
2013-07-08,103.03,-0.0582015714424311
2013-07-09,103.46,0.417354168688724
2013-07-10,106.41,2.8513435144017
2013-07-11,104.77,-1.54120853303261
2013-07-12,105.85,1.03082943590722
2013-07-15,106.2,0.33065658951347
2013-07-16,105.88,-0.301318267419969
2013-07-17,106.39,0.481677370608241
2013-07-18,107.94,1.45690384434627
2013-07-19,108,0.0555864369093962
2013-07-22,106.61,-1.28703703703704
2013-07-23,107.13,0.487759122033577
2013-07-24,105.41,-1.60552599645291
2013-07-25,105.47,0.0569205957689045
2013-07-26,104.76,-0.673177206788654
2013-07-29,104.61,-0.143184421534942
2013-07-30,103.14,-1.40521938629194
2013-07-31,105.1,1.90032964902074
2013-08-01,107.93,2.69267364414844
2013-08-02,106.94,-0.91726118780692
2013-08-05,106.61,-0.308584252852065
2013-08-06,105.32,-1.21001782196793
2013-08-07,104.41,-0.864033421952143
2013-08-08,103.45,-0.919452159754807
2013-08-09,106.04,2.50362493958434
2013-08-12,106.19,0.141456054319117
2013-08-13,106.78,0.555607872681047
2013-08-14,106.89,0.103015545982393
2013-08-15,107.43,0.505192253718782
2013-08-16,107.58,0.139625802848358
2013-08-19,107.14,-0.408997955010223
2013-08-20,104.9,-2.09072241926451
2013-08-21,103.93,-0.92469018112488
2013-08-22,104.93,0.962186086789185
2013-08-23,106.48,1.47717525969694
2013-08-26,105.88,-0.563486100676191
2013-08-27,109.11,3.0506233471855
2013-08-28,110.17,0.971496654752087
2013-08-29,108.51,-1.5067622764818
2013-08-30,107.98,-0.488434245691642
2013-09-02,.,
2013-09-03,108.67,
2013-09-04,107.29,-1.26989969632833
2013-09-05,108.5,1.12778450927392
2013-09-06,110.62,1.95391705069125
2013-09-09,109.62,-0.903995660820828
2013-09-10,107.48,-1.95219850392264
2013-09-11,107.65,0.158168961667288
2013-09-12,108.72,0.993961913608911
2013-09-13,108.31,-0.377115526122145
2013-09-16,106.54,-1.63419813498292
2013-09-17,105.36,-1.10756523371504
2013-09-18,108.23,2.72399392558846
2013-09-19,106.26,-1.82019772706274
2013-09-20,104.7,-1.46809712027104
2013-09-23,103.62,-1.03151862464183
2013-09-24,103.22,-0.386025863732876
2013-09-25,102.68,-0.523154427436536
2013-09-26,103.1,0.409037787300338
2013-09-27,102.86,-0.232783705140635
2013-09-30,102.36,-0.486097608399767
2013-10-01,102.09,-0.263774912075025
2013-10-02,104.15,2.01782740718974
2013-10-03,103.29,-0.825732117138742
2013-10-04,103.83,0.52279988382224
2013-10-07,103.07,-0.731965713185019
2013-10-08,103.54,0.456000776171547
2013-10-09,101.63,-1.84469770137146
2013-10-10,103.08,1.42674407163239
2013-10-11,102.17,-0.882809468374075
2013-10-14,102.46,0.283840657727309
2013-10-15,101.15,-1.27854772594182
2013-10-16,102.34,1.17647058823529
2013-10-17,100.72,-1.58295876490131
2013-10-18,100.87,0.148927720413032
2013-10-21,99.28,-1.57628630911074
2013-10-22,97.63,-1.66196615632555
2013-10-23,96.9,-0.747720987401403
2013-10-24,96.65,-0.257997936016512
2013-10-25,97.4,0.775995861355406
2013-10-28,98.74,1.37577002053387
2013-10-29,98.29,-0.455742353656055
2013-10-30,96.81,-1.5057482958592
2013-10-31,96.29,-0.537134593533722
2013-11-01,94.56,-1.79665593519577
2013-11-04,94.58,0.0211505922165779
2013-11-05,93.4,-1.2476210615352
2013-11-06,94.74,1.43468950749463
2013-11-07,94.25,-0.517204982056148
2013-11-08,94.56,0.328912466843504
2013-11-11,95.13,0.602791878172582
2013-11-12,93.12,-2.1128981393882
2013-11-13,93.91,0.848367697594493
2013-11-14,93.76,-0.159727398573093
2013-11-15,93.8,0.0426621160409471
2013-11-18,93.03,-0.820895522388056
2013-11-19,93.35,0.343975061808012
2013-11-20,93.34,-0.0107123727905634
2013-11-21,95.35,2.15341761302763
2013-11-22,94.53,-0.859989512323013
2013-11-25,93.86,-0.708769702739873
2013-11-26,93.41,-0.479437460046881
2013-11-27,92.05,-1.45594690076009
2013-11-28,.,
2013-11-29,92.55,
2013-12-02,93.61,1.14532685035116
2013-12-03,95.83,2.37154150197628
2013-12-04,96.97,1.189606595012
2013-12-05,97.14,0.175311952150151
2013-12-06,97.48,0.350010294420428
2013-12-09,97.1,-0.389823553549456
2013-12-10,98.32,1.25643666323378
2013-12-11,97.25,-1.08828315703824
2013-12-12,97.21,-0.041131105398464
2013-12-13,96.27,-0.966978705894453
2013-12-16,97.18,0.945258128181168
2013-12-17,96.99,-0.195513480139959
2013-12-18,97.59,0.618620476337776
2013-12-19,98.4,0.830003074085462
2013-12-20,99.11,0.721544715447148
2013-12-23,98.62,-0.494400161436782
2013-12-24,98.87,0.253498276211722
2013-12-25,.,
2013-12-26,99.18,
2013-12-27,99.94,0.766283524904205
2013-12-30,98.9,-1.04062437462477
2013-12-31,98.17,-0.738119312436809
2014-01-01,.,
2014-01-02,95.14,
2014-01-03,93.66,-1.55560227033845
2014-01-06,93.12,-0.576553491351689
2014-01-07,93.31,0.204037800687283
2014-01-08,91.9,-1.51109205872896
2014-01-09,91.36,-0.587595212187167
2014-01-10,92.39,1.12740805604203
2014-01-13,91.45,-1.01742612836887
2014-01-14,92.15,0.765445598687811
2014-01-15,93.78,1.76885512750949
2014-01-16,93.54,-0.255918106206009
2014-01-17,93.96,0.449005772931353
2014-01-20,.,
2014-01-21,94.51,
2014-01-22,96.35,1.94688392762669
2014-01-23,97.23,0.913336792942408
2014-01-24,96.66,-0.586238815180507
2014-01-27,95.82,-0.86902545003104
2014-01-28,97.49,1.74285117929451
2014-01-29,97.34,-0.153861934557382
2014-01-30,98.25,0.934867474830488
2014-01-31,97.55,-0.712468193384227
2014-02-03,96.44,-1.13787801127627
2014-02-04,97.24,0.829531314807131
2014-02-05,97.4,0.16454134101194
2014-02-06,97.84,0.451745379876794
2014-02-07,99.98,2.18724448078496
2014-02-10,100.12,0.140028005601121
2014-02-11,99.96,-0.159808230123862
2014-02-12,100.38,0.420168067226892
2014-02-13,100.27,-0.109583582386929
2014-02-14,100.31,0.0398922908148063
2014-02-17,.,
2014-02-18,102.54,
2014-02-19,103.46,0.897210844548457
2014-02-20,103.2,-0.251304852116751
2014-02-21,102.53,-0.649224806201552
2014-02-24,103.17,0.624207549010046
2014-02-25,102.2,-0.940195793350779
2014-02-26,102.93,0.714285714285718
2014-02-27,102.68,-0.242883513067133
2014-02-28,102.88,0.194779898714442
2014-03-03,105.34,2.39113530326595
2014-03-04,103.64,-1.6138219100057
2014-03-05,101.75,-1.8236202238518
2014-03-06,101.82,0.0687960687960621
2014-03-07,102.82,0.982125319190729
2014-03-10,101.39,-1.39078000389029
2014-03-11,100.29,-1.08491961731926
2014-03-12,98.29,-1.99421677136305
2014-03-13,98.57,0.284871299216591
2014-03-14,99.23,0.669574921375683
2014-03-17,98.43,-0.806207800060463
2014-03-18,100.08,1.67631819567204
2014-03-19,100.71,0.629496402877693
2014-03-20,99.68,-1.02273855625061
2014-03-21,99.97,0.290930979133218
2014-03-24,100.05,0.080024007202159
2014-03-25,99.66,-0.389805097451275
2014-03-26,100.61,0.953241019466188
2014-03-27,101.25,0.636119670012922
2014-03-28,101.73,0.474074074074078
2014-03-31,101.57,-0.157279072053486
2014-04-01,99.69,-1.85094023825932
2014-04-02,99.6,-0.090279867589531
2014-04-03,100.29,0.692771084337361
2014-04-04,101.16,0.867484295542916
2014-04-07,100.43,-0.721629102412011
2014-04-08,102.57,2.1308373991835
2014-04-09,103.55,0.955445061908944
2014-04-10,103.37,-0.173829068083045
2014-04-11,103.68,0.299893586146853
2014-04-14,104.05,0.356867283950608
2014-04-15,103.7,-0.33637674195098
2014-04-16,103.71,0.00964320154290348
2014-04-17,104.33,0.597820846591461
2014-04-18,.,
2014-04-21,104.35,
2014-04-22,101.69,-2.54911356013416
2014-04-23,101.47,-0.216343789949846
2014-04-24,102.2,0.719424460431659
2014-04-25,100.85,-1.32093933463797
2014-04-28,101.13,0.2776400594943
2014-04-29,101.56,0.425195293186994
2014-04-30,100.07,-1.4671130366286
2014-05-01,99.69,-0.379734186069747
2014-05-02,100.09,0.401243855953461
2014-05-05,99.74,-0.349685283245088
2014-05-06,99.81,0.0701824744335346
2014-05-07,101.06,1.25237952109007
2014-05-08,100.52,-0.534336037997236
2014-05-09,100.32,-0.198965380023879
2014-05-12,100.89,0.568181818181826
2014-05-13,102.01,1.11011993259987
2014-05-14,102.63,0.607783550632282
2014-05-15,101.74,-0.86719282860762
2014-05-16,102.31,0.560251621781018
2014-05-19,102.95,0.62554979962858
2014-05-20,102.8,-0.145701796988835
2014-05-21,104.31,1.46887159533074
2014-05-22,104.03,-0.268430639440131
2014-05-23,105.01,0.942035951167936
2014-05-26,.,
2014-05-27,104.78,
2014-05-28,103.37,-1.34567665585035
2014-05-29,104.26,0.86098481184096
2014-05-30,103.4,-0.824860924611547
2014-06-02,103.07,-0.319148936170225
2014-06-03,103.34,0.261957892694295
2014-06-04,103.27,-0.0677375653183737
2014-06-05,103.17,-0.096833543139338
2014-06-06,103.32,0.145391102064545
2014-06-09,105.09,1.71312427409989
2014-06-10,105.02,-0.0666095727471761
2014-06-11,105.04,0.0190439916206534
2014-06-12,107.2,2.05635948210205
2014-06-13,107.49,0.270522388059694
2014-06-16,107.52,0.0279095729835344
2014-06-17,106.95,-0.530133928571422
2014-06-18,106.64,-0.28985507246377
2014-06-19,107.08,0.412603150787695
2014-06-20,107.95,0.812476652969746
2014-06-23,106.83,-1.03751736915239
2014-06-24,106.64,-0.177852663109611
2014-06-25,107.04,0.375093773443366
2014-06-26,106.49,-0.513826606875945
2014-06-27,106.46,-0.0281716593107345
2014-06-30,106.07,-0.366334773623897
2014-07-01,106.06,-0.00942773640048167
2014-07-02,105.18,-0.829719026965864
2014-07-03,104.76,-0.39931545921278
2014-07-04,.,
2014-07-07,104.19,
2014-07-08,104.06,-0.124772051060558
2014-07-09,102.93,-1.08591197386123
2014-07-10,103.61,0.660643155542595
2014-07-11,101.48,-2.05578612103078
2014-07-14,101.73,0.246353961371699
2014-07-15,100.56,-1.15010321439104
2014-07-16,101.88,1.3126491646778
2014-07-17,103.84,1.92383195916766
2014-07-18,103.83,-0.00963020030817134
2014-07-21,105.34,1.45430029856497
2014-07-22,104.59,-0.711980254414278
2014-07-23,103.81,-0.745769193995603
2014-07-24,102.76,-1.01146325016857
2014-07-25,105.23,2.40365901128844
2014-07-28,105.68,0.427634704932056
2014-07-29,104.91,-0.728614685844067
2014-07-30,104.29,-0.590982747116567
2014-07-31,98.23,-5.81072010739285
2014-08-01,97.86,-0.376667006006316
2014-08-04,98.26,0.408747189863076
2014-08-05,97.34,-0.936291471605945
2014-08-06,96.93,-0.421204027121426
2014-08-07,97.34,0.422985659754458
2014-08-08,97.61,0.277378261762889
2014-08-11,98.09,0.491752894170683
2014-08-12,97.36,-0.744214496890615
2014-08-13,97.57,0.215694330320454
2014-08-14,95.54,-2.08055754842676
2014-08-15,97.3,1.84216035168515
2014-08-18,96.44,-0.883864337101747
2014-08-19,94.35,-2.16715055993364
2014-08-20,96.4,2.17276099629042
2014-08-21,93.97,-2.52074688796681
2014-08-22,93.61,-0.383100989677556
2014-08-25,95.39,1.90150624933234
2014-08-26,95.78,0.408847887619248
2014-08-27,95.82,0.0417623721027271
2014-08-28,96.44,0.64704654560635
2014-08-29,97.86,1.47241808378266
2014-09-01,.,
2014-09-02,92.92,
2014-09-03,95.5,2.77658200602669
2014-09-04,94.51,-1.03664921465968
2014-09-05,93.32,-1.25912601841076
2014-09-08,92.64,-0.728675525075003
2014-09-09,92.73,0.0971502590673612
2014-09-10,91.71,-1.09996764801036
2014-09-11,92.89,1.28666448587941
2014-09-12,92.18,-0.764344924103772
2014-09-15,92.86,0.73768713386851
2014-09-16,94.91,2.20762438078828
2014-09-17,94.33,-0.611105257612473
2014-09-18,93.07,-1.33573624509701
2014-09-19,92.43,-0.687654453637033
2014-09-22,91.46,-1.04944282159473
2014-09-23,91.55,0.0984036737371566
2014-09-24,93.6,2.23921354451119
2014-09-25,93.59,-0.010683760683751
2014-09-26,95.55,2.09424083769633
2014-09-29,94.53,-1.06750392464678
2014-09-30,91.17,-3.55442716597905
2014-10-01,90.74,-0.471646374904033
2014-10-02,91.02,0.30857394754243
2014-10-03,89.76,-1.38431114040869
2014-10-06,90.33,0.635026737967907
2014-10-07,88.89,-1.59415476585852
2014-10-08,87.29,-1.79997750028124
2014-10-09,85.76,-1.75277809600183
2014-10-10,85.87,0.128264925373134
2014-10-13,85.73,-0.163037149178992
2014-10-14,81.72,-4.67747579610405
2014-10-15,81.82,0.122369065100336
2014-10-16,82.33,0.6233194817893
2014-10-17,82.8,0.570873314709096
2014-10-20,82.76,-0.0483091787439517
2014-10-21,83.25,0.592073465442236
2014-10-22,80.52,-3.27927927927928
2014-10-23,82.81,2.84401390958769
2014-10-24,81.27,-1.85967878275571
2014-10-27,81.26,-0.012304663467443
2014-10-28,81.36,0.123061777012053
2014-10-29,82.25,1.09390363815143
2014-10-30,81.06,-1.4468085106383
2014-10-31,80.53,-0.65383666419936
2014-11-03,78.77,-2.18552092387931
2014-11-04,77.15,-2.05662054081502
2014-11-05,78.71,2.02203499675954
2014-11-06,77.87,-1.06720874094777
2014-11-07,78.71,1.078720945165
2014-11-10,77.43,-1.62622284334899
2014-11-11,77.85,0.542425416505214
2014-11-12,77.16,-0.886319845857415
2014-11-13,74.13,-3.92690513219285
2014-11-14,75.91,2.40118710373668
2014-11-17,75.64,-0.355684363061515
2014-11-18,74.55,-1.44103648863036
2014-11-19,74.55,0
2014-11-20,75.63,1.4486921529175
2014-11-21,76.52,1.17678170038345
2014-11-24,75.74,-1.01934134866702
2014-11-25,74.04,-2.24452072880907
2014-11-26,73.7,-0.459211237169102
2014-11-27,.,
2014-11-28,65.94,
2014-12-01,68.98,4.61025174400972
2014-12-02,66.99,-2.88489417222385
2014-12-03,67.3,0.462755635169432
2014-12-04,66.73,-0.846953937592858
2014-12-05,65.89,-1.25880413607074
2014-12-08,63.13,-4.18879951434208
2014-12-09,63.74,0.966260098210042
2014-12-10,60.99,-4.31440225917791
2014-12-11,60.01,-1.6068207902935
2014-12-12,57.81,-3.66605565739043
2014-12-15,55.96,-3.20013838436257
2014-12-16,55.97,0.0178699070764796
2014-12-17,56.43,0.821868858316957
2014-12-18,54.18,-3.98724082934609
2014-12-19,56.91,5.03875968992248
2014-12-22,55.25,-2.91688631172025
2014-12-23,56.78,2.76923076923077
2014-12-24,55.7,-1.90207819654808
2014-12-25,.,
2014-12-26,54.59,
2014-12-29,53.46,-2.06997618611468
2014-12-30,54.14,1.27197904975683
2014-12-31,53.45,-1.27447358699667
2015-01-01,.,
2015-01-02,52.72,
2015-01-05,50.05,-5.06449165402125
2015-01-06,47.98,-4.13586413586414
2015-01-07,48.69,1.47978324301793
2015-01-08,48.8,0.225919079893201
2015-01-09,48.35,-0.922131147540975
2015-01-12,46.06,-4.73629782833506
2015-01-13,45.92,-0.303951367781156
2015-01-14,48.49,5.59668989547038
2015-01-15,46.37,-4.37203547123119
2015-01-16,48.49,4.57192150097047
2015-01-19,.,
2015-01-20,46.79,
2015-01-21,47.85,2.2654413336183
2015-01-22,45.93,-4.01253918495298
2015-01-23,45.26,-1.45874156324843
2015-01-26,44.8,-1.01634997790544
2015-01-27,45.84,2.32142857142859
2015-01-28,44.08,-3.83944153577663
2015-01-29,44.12,0.0907441016333919
2015-01-30,47.79,8.31822302810517
2015-02-02,49.25,3.05503243356351
2015-02-03,53.04,7.69543147208122
2015-02-04,48.45,-8.65384615384615
2015-02-05,50.48,4.18988648090814
2015-02-06,51.66,2.33755942947702
2015-02-09,52.99,2.57452574525746
2015-02-10,50.06,-5.52934515946405
2015-02-11,48.8,-2.51697962445067
2015-02-12,51.17,4.85655737704919
2015-02-13,52.66,2.91186241938635
2015-02-16,.,
2015-02-17,53.56,
2015-02-18,52.13,-2.66990291262136
2015-02-19,51.12,-1.93746403222713
2015-02-20,49.95,-2.28873239436619
2015-02-23,49.56,-0.780780780780782
2015-02-24,48.48,-2.17917675544795
2015-02-25,50.25,3.65099009900991
2015-02-26,47.65,-5.17412935323383
2015-02-27,49.84,4.59601259181533
2015-03-02,49.59,-0.501605136436597
2015-03-03,50.43,1.69388989715668
2015-03-04,51.53,2.18124132460837
2015-03-05,50.76,-1.49427517950709
2015-03-06,49.61,-2.2655634357762
2015-03-09,49.95,0.685345696432178
2015-03-10,48.42,-3.06306306306307
2015-03-11,48.06,-0.74349442379182
2015-03-12,47.12,-1.95588847274242
2015-03-13,44.88,-4.75382003395585
2015-03-16,43.93,-2.11675579322639
2015-03-17,43.39,-1.22922831777828
2015-03-18,44.63,2.85780133671353
2015-03-19,44.02,-1.36679363656733
2015-03-20,46,4.49795547478418
2015-03-23,47.4,3.04347826086956
2015-03-24,47.03,-0.780590717299573
2015-03-25,48.75,3.65724005953646
2015-03-26,51.41,5.45641025641025
2015-03-27,48.83,-5.01847889515658
2015-03-30,48.66,-0.348146631169367
2015-03-31,47.72,-1.93177147554459
2015-04-01,50.12,5.02933780385582
2015-04-02,49.13,-1.975259377494
2015-04-03,.,
2015-04-06,52.08,
2015-04-07,53.95,3.59062980030723
2015-04-08,50.44,-6.50602409638555
2015-04-09,50.79,0.693893735130851
2015-04-10,51.63,1.65386887182517
2015-04-13,51.95,0.619794693007942
2015-04-14,53.3,2.59865255052934
2015-04-15,56.25,5.53470919324578
2015-04-16,56.69,0.782222222222218
2015-04-17,55.71,-1.72869994708061
2015-04-20,56.37,1.18470651588583
2015-04-21,55.58,-1.40145467447224
2015-04-22,56.17,1.06153292551278
2015-04-23,56.59,0.74773010503828
2015-04-24,55.98,-1.07792896271427
2015-04-27,55.56,-0.75026795284029
2015-04-28,57.05,2.68178545716342
2015-04-29,58.55,2.62927256792287
2015-04-30,59.62,1.82749786507259
2015-05-01,59.1,-0.872190540087212
2015-05-04,58.92,-0.304568527918781
2015-05-05,60.38,2.47793618465716
2015-05-06,60.93,0.910897648227885
2015-05-07,58.99,-3.18398161825045
2015-05-08,59.41,0.711985082217316
2015-05-11,59.23,-0.302979296414745
2015-05-12,60.72,2.51561708593618
2015-05-13,60.5,-0.362318840579708
2015-05-14,59.89,-1.00826446280992
2015-05-15,59.73,-0.267156453498086
2015-05-18,59.44,-0.485518165076175
2015-05-19,57.3,-3.60026917900404
2015-05-20,58.96,2.89703315881327
2015-05-21,60.18,2.06919945725916
2015-05-22,58.88,-2.16018610834164
2015-05-25,.,
2015-05-26,57.29,
2015-05-27,57.51,0.38401117123407
2015-05-28,57.69,0.312989045383411
2015-05-29,60.25,4.43751083376669
2015-06-01,60.24,-0.0165975103734407
2015-06-02,61.3,1.75962815405046
2015-06-03,59.67,-2.65905383360521
2015-06-04,58,-2.7987263281381
2015-06-05,59.11,1.91379310344828
2015-06-08,58.15,-1.62409067839621
2015-06-09,60.15,3.43938091143594
2015-06-10,61.36,2.01163757273483
2015-06-11,60.74,-1.01043024771838
2015-06-12,59.96,-1.28416200197564
2015-06-15,59.53,-0.71714476317545
2015-06-16,60.01,0.80631614312111
2015-06-17,59.89,-0.199966672221292
2015-06-18,60.41,0.868258473868753
2015-06-19,59.62,-1.30773050819401
2015-06-22,60.01,0.654142905065415
2015-06-23,61.05,1.73304449258457
2015-06-24,60.01,-1.7035217035217
2015-06-25,59.59,-0.699883352774529
2015-06-26,59.41,-0.302064104715568
2015-06-29,58.34,-1.80104359535431
2015-06-30,59.48,1.95406239286937
2015-07-01,56.94,-4.27034297242771
2015-07-02,56.93,-0.0175623463294661
2015-07-03,.,
2015-07-06,52.48,
2015-07-07,52.33,-0.285823170731705
2015-07-08,51.61,-1.37588381425568
2015-07-09,52.76,2.22825033908157
2015-07-10,52.74,-0.0379075056861183
2015-07-13,52.19,-1.04285172544559
2015-07-14,53.05,1.64782525388005
2015-07-15,51.4,-3.11027332704995
2015-07-16,50.9,-0.972762645914397
2015-07-17,50.88,-0.0392927308447859
2015-07-20,50.11,-1.51336477987422
2015-07-21,50.59,0.957892636200367
2015-07-22,49.27,-2.60921130658233
2015-07-23,48.11,-2.35437385833165
2015-07-24,47.98,-0.270214092704225
2015-07-27,47.17,-1.68820341809086
2015-07-28,47.97,1.69599321602713
2015-07-29,48.77,1.66770898478216
2015-07-30,48.53,-0.492105802747595
2015-07-31,47.11,-2.92602513908923
2015-08-03,45.25,-3.94820632562089
2015-08-04,45.75,1.10497237569061
2015-08-05,45.13,-1.3551912568306
2015-08-06,44.69,-0.974961223133181
2015-08-07,43.87,-1.8348623853211
2015-08-10,44.94,2.4390243902439
2015-08-11,43.11,-4.07209612817089
2015-08-12,43.22,0.255161215495243
2015-08-13,42.27,-2.19805645534474
2015-08-14,42.45,0.425833924769339
2015-08-17,41.93,-1.22497055359247
2015-08-18,42.58,1.55020271881707
2015-08-19,40.75,-4.2977923907938
2015-08-20,41,0.613496932515337
2015-08-21,40.45,-1.34146341463414
2015-08-24,38.22,-5.51297898640298
2015-08-25,39.15,2.43328100470958
2015-08-26,38.5,-1.66028097062579
2015-08-27,42.47,10.3116883116883
2015-08-28,45.29,6.63998116317401
2015-08-31,49.2,8.63325237359241
2015-09-01,45.38,-7.76422764227642
2015-09-02,46.3,2.0273248126928
2015-09-03,46.75,0.971922246220309
2015-09-04,46.02,-1.5614973262032
2015-09-07,.,
2015-09-08,45.92,
2015-09-09,44.13,-3.89808362369338
2015-09-10,45.85,3.8975753455699
2015-09-11,44.75,-2.39912758996729
2015-09-14,44.07,-1.5195530726257
2015-09-15,44.58,1.1572498298162
2015-09-16,47.12,5.697622252131
2015-09-17,46.93,-0.403225806451608
2015-09-18,44.71,-4.73044960579586
2015-09-21,46.67,4.38380675464102
2015-09-22,46.17,-1.07135204628241
2015-09-23,44.53,-3.55209010179771
2015-09-24,44.94,0.920727599371203
2015-09-25,45.55,1.35736537605696
2015-09-28,44.4,-2.52469813391877
2015-09-29,45.24,1.8918918918919
2015-09-30,45.06,-0.39787798408488
2015-10-01,44.75,-0.687971593430986
2015-10-02,45.54,1.76536312849162
2015-10-05,46.28,1.62494510320598
2015-10-06,48.53,4.86171132238548
2015-10-07,47.86,-1.38058932618999
2015-10-08,49.46,3.34308399498538
2015-10-09,49.67,0.424585523655481
2015-10-12,47.09,-5.19428226293537
2015-10-13,46.7,-0.828201316627735
2015-10-14,46.63,-0.149892933618844
2015-10-15,46.38,-0.536135535063264
2015-10-16,47.3,1.98361362656316
2015-10-19,45.91,-2.93868921775899
2015-10-20,45.84,-0.152472228272693
2015-10-21,45.22,-1.35253054101223
2015-10-22,44.9,-0.70765148164529
2015-10-23,43.91,-2.20489977728286
2015-10-26,43.19,-1.63971760419039
2015-10-27,43.21,0.0463070155128574
2015-10-28,45.93,6.2948391576024
2015-10-29,46.02,0.195950359242333
2015-10-30,46.6,1.26032159930465
2015-11-02,46.12,-1.03004291845494
2015-11-03,47.88,3.81613183000868
2015-11-04,46.32,-3.25814536340853
2015-11-05,45.27,-2.26683937823834
2015-11-06,44.32,-2.09851999116413
2015-11-09,43.87,-1.01534296028882
2015-11-10,44.23,0.820606336904489
2015-11-11,42.95,-2.89396337327604
2015-11-12,41.74,-2.81722933643772
2015-11-13,40.69,-2.51557259223767
2015-11-16,41.68,2.43303022855739
2015-11-17,40.73,-2.27927063339732
2015-11-18,40.75,0.0491038546525979
2015-11-19,40.55,-0.490797546012277
2015-11-20,39.39,-2.86066584463624
2015-11-23,39.27,-0.304645849200298
2015-11-24,40.89,4.12528647822765
2015-11-25,41.22,0.807043286867201
2015-11-26,.,
2015-11-27,40.57,
2015-11-30,40.43,-0.345082573330048
2015-12-01,40.58,0.371011625030914
2015-12-02,39.93,-1.6017742730409
2015-12-03,41.08,2.88004007012271
2015-12-04,40,-2.62901655306718
2015-12-07,37.64,-5.9
2015-12-08,37.46,-0.478214665249734
2015-12-09,37.16,-0.800854244527507
2015-12-10,36.76,-1.07642626480086
2015-12-11,35.65,-3.0195865070729
2015-12-14,36.31,1.85133239831698
2015-12-15,37.32,2.78160286422473
2015-12-16,35.55,-4.74276527331191
2015-12-17,34.98,-1.60337552742616
2015-12-18,34.72,-0.743281875357341
2015-12-21,34.55,-0.489631336405535
2015-12-22,36.12,4.54413892908828
2015-12-23,36.76,1.7718715393134
2015-12-24,37.62,2.33949945593036
2015-12-25,.,
2015-12-28,36.36,
2015-12-29,37.88,4.18041804180419
2015-12-30,36.59,-3.40549102428722
2015-12-31,37.13,1.4758130636786
2016-01-01,.,
2016-01-04,36.81,
2016-01-05,35.97,-2.28198859005706
2016-01-06,33.97,-5.56018904642758
2016-01-07,33.29,-2.0017662643509
2016-01-08,33.2,-0.270351456893951
2016-01-11,31.42,-5.36144578313253
2016-01-12,30.42,-3.18268618714195
2016-01-13,30.42,0
2016-01-14,31.22,2.62984878369493
2016-01-15,29.45,-5.66944266495836
2016-01-18,.,
2016-01-19,28.47,
2016-01-20,26.68,-6.28731998595012
2016-01-21,29.55,10.7571214392804
2016-01-22,32.07,8.52791878172589
2016-01-25,30.31,-5.48799501091363
2016-01-26,29.54,-2.54041570438799
2016-01-27,32.32,9.41096817874069
2016-01-28,33.21,2.75371287128713
2016-01-29,33.66,1.35501355013549
2016-02-01,31.62,-6.06060606060605
2016-02-02,29.9,-5.43959519291588
2016-02-03,32.29,7.9933110367893
2016-02-04,31.63,-2.04397646330133
2016-02-05,30.86,-2.43439772368005
2016-02-08,29.71,-3.72650680492547
2016-02-09,27.96,-5.89027263547627
2016-02-10,27.54,-1.50214592274679
2016-02-11,26.19,-4.90196078431372
2016-02-12,29.32,11.9511263841161
2016-02-15,.,
2016-02-16,29.05,
2016-02-17,30.68,5.61101549053356
2016-02-18,30.77,0.29335071707953
2016-02-19,29.59,-3.83490412739681
2016-02-22,31.37,6.01554579249747
2016-02-23,31.84,1.49824673254702
2016-02-24,30.35,-4.67964824120603
2016-02-25,31.4,3.45963756177923
2016-02-26,31.65,0.796178343949045
2016-02-29,32.74,3.4439178515008
2016-03-01,34.39,5.03970678069639
2016-03-02,34.57,0.523407967432392
2016-03-03,34.56,-0.0289268151576454
2016-03-04,35.91,3.90624999999998
2016-03-07,37.9,5.54163185742134
2016-03-08,36.67,-3.24538258575197
2016-03-09,37.62,2.59067357512952
2016-03-10,37.77,0.398724082934624
2016-03-11,38.51,1.9592268996558
2016-03-14,37.2,-3.40171384056088
2016-03-15,36.32,-2.36559139784947
2016-03-16,38.43,5.80947136563876
2016-03-17,40.17,4.52771272443404
2016-03-18,39.47,-1.74259397560369
2016-03-21,39.91,1.11477071193311
2016-03-22,41.45,3.85868203457782
2016-03-23,38.28,-7.64776839565742
2016-03-24,38.14,-0.365726227795195
2016-03-25,.,
2016-03-28,37.99,
2016-03-29,36.91,-2.84285338246908
2016-03-30,36.91,0
2016-03-31,36.94,0.0812787862367953
2016-04-01,35.36,-4.27720628045479
2016-04-04,34.3,-2.99773755656109
2016-04-05,34.52,0.641399416909638
2016-04-06,37.74,9.3279258400927
2016-04-07,37.3,-1.16587175410706
2016-04-08,39.74,6.54155495978554
2016-04-11,40.46,1.81177654755913
2016-04-12,42.12,4.10281759762728
2016-04-13,41.7,-0.997150997150984
2016-04-14,41.45,-0.599520383693046
2016-04-15,40.4,-2.53317249698433
2016-04-18,39.74,-1.63366336633663
2016-04-19,40.88,2.86864620030196
2016-04-20,42.72,4.5009784735812
2016-04-21,43.18,1.07677902621723
2016-04-22,42.76,-0.972672533580365
2016-04-25,41.67,-2.5491113189897
2016-04-26,42.52,2.03983681305496
2016-04-27,45.29,6.5145813734713
2016-04-28,46.03,1.63391477147274
2016-04-29,45.98,-0.108624809906592
2016-05-02,44.75,-2.67507612005219
2016-05-03,43.65,-2.45810055865922
2016-05-04,43.77,0.274914089347089
2016-05-05,44.33,1.2794151245145
2016-05-06,44.58,0.563952176855403
2016-05-09,43.45,-2.53476895468819
2016-05-10,44.68,2.83084004602991
2016-05-11,46.21,3.42435094001791
2016-05-12,46.64,0.930534516338454
2016-05-13,46.22,-0.900514579759866
2016-05-16,47.72,3.24534833405452
2016-05-17,48.29,1.19446772841576
2016-05-18,48.12,-0.352039759784638
2016-05-19,48.16,0.0831255195344953
2016-05-20,47.67,-1.01744186046511
2016-05-23,48.12,0.943989930774063
2016-05-24,48.04,-0.166251039068991
2016-05-25,49.1,2.20649458784347
2016-05-26,49,-0.203665987780044
2016-05-27,49.36,0.734693877551019
2016-05-30,.,
2016-05-31,49.1,
2016-06-01,49.07,-0.0610997963340145
2016-06-02,49.14,0.142653352353781
2016-06-03,48.69,-0.915750915750921
2016-06-06,49.71,2.09488601355515
2016-06-07,50.37,1.32770066385033
2016-06-08,51.23,1.70736549533452
2016-06-09,50.52,-1.38590669529571
2016-06-10,49.09,-2.83056215360253
2016-06-13,48.89,-0.407414952128749
2016-06-14,48.49,-0.818163223563098
2016-06-15,47.92,-1.17550010311404
2016-06-16,46.14,-3.71452420701169
2016-06-17,48,4.03120936280884
2016-06-20,49.4,2.91666666666666
2016-06-21,48.95,-0.91093117408906
2016-06-22,49.16,0.429009193054124
2016-06-23,49.34,0.366151342554937
2016-06-24,46.7,-5.35062829347386
2016-06-27,45.8,-1.92719486081372
2016-06-28,47.93,4.65065502183407
2016-06-29,49.85,4.00584185270186
2016-06-30,48.27,-3.16950852557673
2016-07-01,49.02,1.55376009944065
2016-07-04,.,
2016-07-05,46.73,
2016-07-06,47.37,1.36956986946287
2016-07-07,45.22,-4.53873759763563
2016-07-08,45.37,0.331711632021226
2016-07-11,44.73,-1.41062376019396
2016-07-12,46.82,4.67247932036665
2016-07-13,44.87,-4.16488680051261
2016-07-14,45.64,1.71606864274572
2016-07-15,45.93,0.635407537248026
2016-07-18,45.23,-1.52405834966254
2016-07-19,44.64,-1.30444395312845
2016-07-20,44.96,0.716845878136201
2016-07-21,43.96,-2.22419928825623
2016-07-22,43.41,-1.25113739763422
2016-07-25,42.4,-2.32665284496659
2016-07-26,42.16,-0.566037735849061
2016-07-27,41.9,-0.616698292220109
2016-07-28,41.13,-1.83770883054892
2016-07-29,41.54,0.996839290055912
2016-08-01,40.05,-3.58690418873376
2016-08-02,39.5,-1.3732833957553
2016-08-03,40.8,3.29113924050632
2016-08-04,41.92,2.7450980392157
2016-08-05,41.83,-0.214694656488558
2016-08-08,43.06,2.94047334448961
2016-08-09,42.78,-0.650255457501164
2016-08-10,41.75,-2.40766713417485
2016-08-11,43.51,4.21556886227544
2016-08-12,44.47,2.20638933578488
2016-08-15,45.72,2.81088374184844
2016-08-16,46.57,1.85914260717411
2016-08-17,46.81,0.515353231694228
2016-08-18,48.2,2.96945097201453
2016-08-19,48.48,0.580912863070527
2016-08-22,46.8,-3.46534653465346
2016-08-23,47.54,1.58119658119659
2016-08-24,46.29,-2.62936474547749
2016-08-25,46.97,1.46899978397062
2016-08-26,47.64,1.42644241004897
2016-08-29,46.97,-1.4063811922754
2016-08-30,46.32,-1.38386203959974
2016-08-31,44.68,-3.5405872193437
2016-09-01,43.17,-3.37958818263205
2016-09-02,44.39,2.82603659949038
2016-09-05,.,
2016-09-06,44.85,
2016-09-07,45.47,1.38238573021181
2016-09-08,47.63,4.7503848691445
2016-09-09,45.88,-3.6741549443628
2016-09-12,46.28,0.871839581516998
2016-09-13,44.91,-2.96024200518584
2016-09-14,43.62,-2.87241148964596
2016-09-15,43.85,0.527281063732242
2016-09-16,43.04,-1.84720638540479
2016-09-19,43.34,0.697026022304843
2016-09-20,43.85,1.1767420396862
2016-09-21,45.33,3.37514253135689
2016-09-22,46.1,1.69865431281713
2016-09-23,44.36,-3.77440347071584
2016-09-26,45.6,2.79531109107304
2016-09-27,44.65,-2.08333333333334
2016-09-28,47.07,5.41993281075028
2016-09-29,47.72,1.38092203101763
2016-09-30,47.72,0
2016-10-03,48.8,2.26320201173512
2016-10-04,48.67,-0.266393442622942
2016-10-05,49.75,2.21902609410314
2016-10-06,50.44,1.38693467336683
2016-10-07,49.76,-1.34813639968279
2016-10-10,49.76,0
2016-10-11,50.72,1.92926045016077
2016-10-12,50.14,-1.14353312302839
2016-10-13,50.47,0.658157159952131
2016-10-14,50.35,-0.237765008916183
2016-10-17,49.97,-0.754716981132081
2016-10-18,50.3,0.660396237742642
2016-10-19,51.59,2.56461232604375
2016-10-20,50.31,-2.48110098856368
2016-10-21,50.61,0.596302921884312
2016-10-24,50.18,-0.849634459592965
2016-10-25,49.45,-1.45476285372658
2016-10-26,48.75,-1.41557128412538
2016-10-27,49.71,1.96923076923077
2016-10-28,48.72,-1.9915509957755
2016-10-31,46.83,-3.87931034482759
2016-11-01,46.66,-0.363015161221443
2016-11-02,45.32,-2.87183883411915
2016-11-03,44.66,-1.45631067961166
2016-11-04,44.07,-1.32109270040304
2016-11-07,44.88,1.83798502382574
2016-11-08,44.96,0.178253119429586
2016-11-09,45.2,0.533807829181499
2016-11-10,44.62,-1.28318584070798
2016-11-11,43.39,-2.75661138502913
2016-11-14,43.29,-0.230467849734965
2016-11-15,45.86,5.93670593670594
2016-11-16,45.56,-0.654164849542078
2016-11-17,45.37,-0.417032484635656
2016-11-18,45.69,0.705311880096981
2016-11-21,47.48,3.91770628146203
2016-11-22,48.07,1.24262847514744
2016-11-23,46.72,-2.80840441023508
2016-11-24,.,
2016-11-25,46.72,
2016-11-28,45.66,-2.26883561643836
2016-11-29,45.29,-0.810337275514668
2016-11-30,49.41,9.09693088982115
2016-12-01,51.08,3.3798826148553
2016-12-02,51.7,1.21378230227096
2016-12-05,51.72,0.0386847195357757
2016-12-06,50.95,-1.48878576952822
2016-12-07,49.85,-2.15897939156036
2016-12-08,50.84,1.98595787362087
2016-12-09,51.51,1.31785995279307
2016-12-12,52.74,2.38788584740828
2016-12-13,52.99,0.474023511566174
2016-12-14,51.01,-3.73655406680507
2016-12-15,50.9,-0.215643991374239
2016-12-16,51.93,2.02357563850688
2016-12-19,52.13,0.385133834007323
2016-12-20,52.22,0.17264530980241
2016-12-21,51.44,-1.49368058215243
2016-12-22,51.98,1.049766718507
2016-12-23,52.01,0.0577145055790711
2016-12-26,.,
2016-12-27,52.82,
2016-12-28,54.01,2.25293449450965
2016-12-29,53.8,-0.388816885761898
2016-12-30,53.75,-0.0929368029739724
2017-01-02,.,
2017-01-03,52.36,
2017-01-04,53.26,1.71886936592819
2017-01-05,53.77,0.957566654149465
2017-01-06,53.98,0.39055235261297
2017-01-09,51.95,-3.7606520933679
2017-01-10,50.82,-2.17516843118384
2017-01-11,52.19,2.69578905942542
2017-01-12,53.01,1.57118221881587
2017-01-13,52.36,-1.22618373891718
2017-01-16,.,
2017-01-17,52.45,
2017-01-18,51.12,-2.53574833174453
2017-01-19,51.39,0.528169014084513
2017-01-20,52.33,1.82914964000778
2017-01-23,52.77,0.840817886489595
2017-01-24,52.38,-0.739056281978398
2017-01-25,52.14,-0.458190148911802
2017-01-26,53.24,2.10970464135021
2017-01-27,53.18,-0.112697220135241
2017-01-30,52.63,-1.03422339225272
2017-01-31,52.75,0.228006840205201
2017-02-01,53.9,2.18009478672986
2017-02-02,53.55,-0.649350649350652
2017-02-03,53.81,0.485527544351083
2017-02-06,53.01,-1.48671250696897
2017-02-07,52.19,-1.54687794755707
2017-02-08,52.37,0.344893657788848
2017-02-09,52.99,1.18388390299791
2017-02-10,53.84,1.60407624080015
2017-02-13,52.96,-1.63447251114414
2017-02-14,53.21,0.472054380664653
2017-02-15,53.11,-0.187934598759634
2017-02-16,53.41,0.564865373752584
2017-02-17,53.41,0
2017-02-20,.,
2017-02-21,54.02,
2017-02-22,53.61,-0.758978156238437
2017-02-23,54.48,1.62283156127588
2017-02-24,53.99,-0.899412628487509
2017-02-27,54.04,0.0926097425449105
2017-02-28,54,-0.0740192450036994
2017-03-01,53.82,-0.333333333333333
2017-03-02,52.63,-2.21107395020438
2017-03-03,53.33,1.33003990119703
2017-03-06,53.19,-0.262516407275456
2017-03-07,52.68,-0.958826847151717
2017-03-08,49.83,-5.41002277904328
2017-03-09,48.75,-2.16736905478627
2017-03-10,48.05,-1.43589743589744
2017-03-13,47.95,-0.208116545265337
2017-03-14,47.24,-1.48070907194995
2017-03-15,48.34,2.32853513971211
2017-03-16,48.3,-0.0827472072817672
2017-03-17,48.34,0.082815734989661
2017-03-20,47.79,-1.13777410012413
2017-03-21,47.02,-1.61121573550951
2017-03-22,47.29,0.574223734581021
2017-03-23,47,-0.613237470924084
2017-03-24,47.3,0.63829787234042
2017-03-27,47.02,-0.59196617336151
2017-03-28,48.36,2.84985112717992
2017-03-29,49.47,2.29528535980149
2017-03-30,50.3,1.6777845158682
2017-03-31,50.54,0.477137176938374
2017-04-03,50.25,-0.573802928373564
2017-04-04,50.99,1.4726368159204
2017-04-05,51.14,0.294175328495781
2017-04-06,51.69,1.0754790770434
2017-04-07,52.25,1.08338169858774
2017-04-10,53.06,1.55023923444977
2017-04-11,53.38,0.60309084055786
2017-04-12,53.12,-0.487073810415896
2017-04-13,53.19,0.131777108433735
2017-04-14,.,
2017-04-17,52.62,
2017-04-18,52.46,-0.304066894716831
2017-04-19,50.49,-3.75524208921083
2017-04-20,50.26,-0.455535749653405
2017-04-21,49.64,-1.23358535614803
2017-04-24,48.9,-1.49073327961322
2017-04-25,49.22,0.654396728016361
2017-04-26,49.22,0
2017-04-27,48.96,-0.528240552620882
2017-04-28,49.31,0.714869281045755
2017-05-01,48.83,-0.97343338065302
2017-05-02,47.65,-2.41654720458734
2017-05-03,47.79,0.293809024134314
2017-05-04,45.55,-4.68717304875497
2017-05-05,46.23,1.49286498353458
2017-05-08,46.46,0.497512437810954
2017-05-09,45.84,-1.33448127421437
2017-05-10,47.28,3.1413612565445
2017-05-11,47.81,1.12098138747885
2017-05-12,47.83,0.0418322526667978
2017-05-15,48.86,2.15346017144052
2017-05-16,48.64,-0.450266066311909
2017-05-17,49.04,0.822368421052629
2017-05-18,49.36,0.652528548123981
2017-05-19,50.32,1.94489465153971
2017-05-22,50.81,0.973767885532595
2017-05-23,51.12,0.610116118874228
2017-05-24,50.99,-0.254303599374013
2017-05-25,48.57,-4.74602863306531
2017-05-26,49.58,2.07947292567428
2017-05-29,.,
2017-05-30,49.63,
2017-05-31,48.29,-2.69997985089664
2017-06-01,48.32,0.0621246634914084
2017-06-02,47.68,-1.32450331125828
2017-06-05,47.4,-0.587248322147653
2017-06-06,48.13,1.54008438818566
2017-06-07,45.8,-4.84105547475588
2017-06-08,45.68,-0.262008733624449
2017-06-09,45.82,0.306479859894922
2017-06-12,46.1,0.611086861632477
2017-06-13,46.41,0.672451193058558
2017-06-14,44.79,-3.49062702003878
2017-06-15,44.47,-0.714445188658183
2017-06-16,44.73,0.58466381830447
2017-06-19,44.24,-1.09546165884193
2017-06-20,43.34,-2.03435804701627
2017-06-21,42.48,-1.98431010613753
2017-06-22,42.53,0.117702448210933
2017-06-23,42.86,0.775922877968489
2017-06-26,43.24,0.88660755949604
2017-06-27,44.25,2.33580018501387
2017-06-28,44.74,1.10734463276837
2017-06-29,44.88,0.312919088064373
2017-06-30,46.02,2.54010695187166
2017-07-03,.,
2017-07-04,.,
2017-07-05,45.11,
2017-07-06,45.52,0.908889381511868
2017-07-07,44.25,-2.78998242530756
2017-07-10,44.4,0.338983050847454
2017-07-11,45.06,1.48648648648649
2017-07-12,45.48,0.932090545938736
2017-07-13,46.06,1.27528583992965
2017-07-14,46.53,1.0204081632653
2017-07-17,46.02,-1.09606705351386
2017-07-18,46.4,0.825727944372002
2017-07-19,47.1,1.50862068965518
2017-07-20,46.73,-0.7855626326964
2017-07-21,45.78,-2.03295527498394
2017-07-24,46.21,0.939274792485801
2017-07-25,47.77,3.37589266392556
2017-07-26,48.58,1.69562486916474
2017-07-27,49.05,0.967476327706873
2017-07-28,49.72,1.36595310907238
2017-07-31,50.21,0.985518905872892
2017-08-01,49.19,-2.03146783509262
2017-08-02,49.6,0.833502744460264
2017-08-03,49.03,-1.1491935483871
2017-08-04,49.57,1.10136651029981
2017-08-07,49.37,-0.403469840629419
2017-08-08,49.07,-0.607656471541416
2017-08-09,49.59,1.05971061748523
2017-08-10,48.54,-2.11736237144586
2017-08-11,48.81,0.556242274412862
2017-08-14,47.59,-2.49948780987502
2017-08-15,47.57,-0.0420256356377456
2017-08-16,46.8,-1.61866722724407
2017-08-17,47.07,0.576923076923084
2017-08-18,48.59,3.22923305714893
2017-08-21,47.39,-2.46964395966249
2017-08-22,47.65,0.548638953365685
2017-08-23,48.45,1.67890870933894
2017-08-24,47.24,-2.49742002063984
2017-08-25,47.65,0.867908552074506
2017-08-28,46.4,-2.62329485834208
2017-08-29,46.46,0.129310344827591
2017-08-30,45.96,-1.07619457597934
2017-08-31,47.26,2.82854656222802
2017-09-01,47.32,0.126957257723238
2017-09-04,.,
2017-09-05,48.63,
2017-09-06,49.13,1.02817191034341
2017-09-07,49.1,-0.0610624872786508
2017-09-08,47.44,-3.38085539714868
2017-09-11,48.06,1.30691399662733
2017-09-12,48.21,0.312109862671657
2017-09-13,49.3,2.26094171333747
2017-09-14,49.86,1.13590263691684
2017-09-15,49.9,0.0802246289610894
2017-09-18,49.88,-0.0400801603206333
2017-09-19,49.54,-0.681635926222942
2017-09-20,50.29,1.51392813887767
2017-09-21,50.58,0.57665539868761
2017-09-22,50.33,-0.494266508501384
2017-09-25,51.85,3.02006755414266